species,decimalLatitude,decimalLongitude,eventDate,parsed_date,temperature_max_C,temperature_min_C,temperature_mean_C,precipitation_mm,rain_mm,precipitation_hours,windspeed_max_kmh,windgusts_max_kmh,sunshine_duration_s
Mikania micrantha,1.2,110.3,2004-11-29T00:00,2004-11-29,26.5,21.2,23.1,10.3,10.3,14.0,7.8,27.7,20290.2
Mikania micrantha,19.17545,99.033575,2019-12-18T00:00,2019-12-18,30.3,15.8,22.4,0.0,0.0,0.0,9.3,22.0,36201.63
Mikania micrantha,14.625382,121.124485,2024-12-13T15:15:19,2024-12-13,31.0,24.5,27.2,0.3,0.3,3.0,8.6,28.1,36000.0
Mikania micrantha,3.722688,101.750479,2025-10-19T23:22,2025-10-19,25.0,18.3,20.3,9.7,9.7,16.0,6.7,25.6,27721.34
Mikania micrantha,14.558721,121.136197,2025-01-09T12:31:37,2025-01-09,29.8,23.4,26.2,0.1,0.1,1.0,13.8,37.1,36391.6
Mikania micrantha,14.558721,121.136197,2024-12-06T10:21:27,2024-12-06,32.1,24.6,27.7,0.3,0.3,2.0,8.6,23.0,37785.8
Mikania micrantha,14.558721,121.136197,2024-11-20T09:31:35,2024-11-20,33.2,23.3,27.9,0.0,0.0,0.0,10.3,27.4,38328.47
Mikania micrantha,14.791045,120.239733,2024-11-30T13:38:30,2024-11-30,31.4,25.4,28.1,0.1,0.1,1.0,24.2,59.4,31362.35
Mikania micrantha,14.558555,121.136082,2023-12-05T12:21,2023-12-05,31.3,24.3,27.6,2.3,2.3,8.0,6.1,21.2,37776.73
Mikania micrantha,14.151306,120.966843,2025-11-16T16:42:48,2025-11-16,25.9,21.4,23.2,1.8,1.8,10.0,27.2,53.6,38457.21
Mikania micrantha,14.064802,121.460724,2015-06-20,2015-06-20,24.4,19.6,21.1,21.0,21.0,10.0,6.6,22.7,31706.73
Mikania micrantha,3.715249,101.749824,2025-10-18T13:28,2025-10-18,23.5,16.9,18.9,11.8,11.8,20.0,8.2,25.6,30136.67
Mikania micrantha,12.000731,120.194695,2024-11-10T16:29:15,2024-11-10,30.9,25.3,27.9,0.6,0.6,4.0,13.2,28.8,38619.35
Mikania micrantha,-1.043621,119.854942,2025-10-05T08:18,2025-10-05,28.5,22.2,24.5,8.1,8.1,11.0,8.3,28.4,34656.02
Mikania micrantha,-1.043051,119.853514,2025-10-05T07:28,2025-10-05,28.1,21.8,24.2,8.1,8.1,11.0,8.3,28.4,34656.02
Mikania micrantha,-1.043184,119.853318,2025-10-05T07:19,2025-10-05,28.1,21.8,24.2,8.1,8.1,11.0,8.3,28.4,34656.02
Mikania micrantha,0.331174,102.724104,2025-09-11T11:37:33,2025-09-11,30.7,22.9,25.0,23.0,23.0,15.0,15.9,32.4,18250.0
Mikania micrantha,8.118933,98.62188,2025-09-30T17:09:41,2025-09-30,28.2,24.1,26.6,5.5,5.5,8.0,15.3,40.7,34368.07
Mikania micrantha,0.331313,102.724207,2025-09-04T17:42:52,2025-09-04,31.7,22.8,26.0,19.0,19.0,17.0,12.3,31.7,30401.66
Mikania micrantha,8.119949,98.623829,2025-09-26T11:30:50,2025-09-26,29.4,27.8,28.7,0.7,0.7,6.0,18.8,41.0,35509.05
Mikania micrantha,8.118856,98.621795,2025-09-24T08:05:10,2025-09-24,31.1,27.0,29.1,0.3,0.3,1.0,27.8,60.8,34434.89
Mikania micrantha,8.12062,98.624205,2025-09-27T02:09:10,2025-09-27,30.5,26.7,28.0,1.2,1.2,6.0,23.6,52.9,30677.51
Mikania micrantha,-2.149609,121.231828,2025-03-09T14:38,2025-03-09,31.8,21.9,26.4,3.2,3.2,9.0,9.2,22.7,41263.32
Mikania micrantha,8.119409,98.624113,2025-09-25T15:53:03,2025-09-25,31.1,28.3,29.3,0.8,0.8,4.0,26.8,62.6,39919.06
Mikania micrantha,8.120339,98.625175,2025-09-30T19:12,2025-09-30,28.2,24.0,26.6,5.5,5.5,8.0,15.3,40.7,34368.07
Mikania micrantha,8.121362,98.625109,2025-09-29T17:31:32,2025-09-29,27.9,24.4,25.3,47.0,47.0,22.0,29.7,52.2,0.0
Mikania micrantha,8.118325,98.62113,2025-09-30T07:46:30,2025-09-30,28.2,24.1,26.6,5.5,5.5,8.0,15.3,40.7,34368.07
Mikania micrantha,8.118486,98.621313,2025-09-25T14:37:41,2025-09-25,31.0,28.1,29.2,0.8,0.8,4.0,26.8,62.6,39919.06
Mikania micrantha,8.117431,98.621058,2025-09-27T10:39:50,2025-09-27,30.4,26.6,27.9,1.2,1.2,6.0,23.6,52.9,30677.51
Mikania micrantha,-2.968494,119.904905,2023-12-24T08:07,2023-12-24,27.3,18.6,21.8,12.6,12.6,7.0,10.0,28.1,28008.94
Mikania micrantha,-1.900175,120.844767,2025-03-06T09:57,2025-03-06,29.4,20.4,23.2,30.7,30.7,13.0,7.7,21.6,27371.37
Mikania micrantha,-1.900026,120.844619,2025-03-06T10:00,2025-03-06,29.4,20.4,23.2,30.7,30.7,13.0,7.7,21.6,27371.37
Mikania micrantha,8.120339,98.625175,2025-09-30T11:04:16,2025-09-30,28.2,24.0,26.6,5.5,5.5,8.0,15.3,40.7,34368.07
Mikania micrantha,4.539048,101.15437,2022-07-25/2022-08-10,2022-07-25,28.1,23.3,25.5,20.5,20.5,14.0,12.2,27.4,31910.02
Mikania micrantha,-8.020069,112.718956,2024-01-17T17:23,2024-01-17,27.6,21.2,24.0,4.1,4.1,13.0,11.9,27.0,23963.26
Mikania micrantha,-8.017078,112.702789,2024-01-19T11:14,2024-01-19,25.2,20.9,22.5,9.9,9.9,22.0,17.8,43.9,27040.49
Mikania micrantha,-8.018008,112.701906,2024-01-19T11:11,2024-01-19,25.2,20.9,22.5,9.9,9.9,22.0,17.8,43.9,27040.49
Mikania micrantha,-8.016544,112.702867,2024-01-19T12:37,2024-01-19,25.2,20.9,22.4,9.9,9.9,22.0,17.8,43.9,27040.49
Mikania micrantha,10.903095,123.06096,2021-05-04T09:04:25,2021-05-04,30.6,25.6,28.0,2.6,2.6,15.0,26.3,52.2,40857.16
Mikania micrantha,14.638722,121.075094,2025-02-17T09:55:32,2025-02-17,31.5,23.2,26.9,1.1,1.1,4.0,6.1,24.5,38813.64
Mikania micrantha,-8.585117,115.255203,2024-01-11T15:21,2024-01-11,32.3,24.2,27.7,0.2,0.2,2.0,18.8,38.2,41076.24
Mikania micrantha,11.2616,124.4347,2025-07-04T12:37:56,2025-07-04,31.0,23.6,27.1,0.0,0.0,0.0,9.3,19.8,36607.41
Mikania micrantha,10.616028,122.978473,2021-04-19T18:54,2021-04-19,28.6,25.3,26.5,10.9,10.9,17.0,21.4,43.9,0.0
Mikania micrantha,-8.449123,115.336582,2019-08-24T15:00,2019-08-24,22.5,19.9,20.9,21.3,21.3,24.0,13.0,32.4,15471.45
Mikania micrantha,10.145192,118.867958,2025-01-21T16:09,2025-01-21,30.5,26.4,27.9,0.9,0.9,5.0,17.4,42.5,37301.19
Mikania micrantha,-8.495557,115.261589,2025-05-16T10:08:37,2025-05-16,28.8,22.8,25.2,15.0,15.0,9.0,10.5,27.4,29707.33
Mikania micrantha,-8.330392,115.208267,2024-01-05T13:44,2024-01-05,22.9,19.2,20.8,19.9,19.9,11.0,8.1,22.0,20392.45
Mikania micrantha,14.638692,121.075443,2025-02-17T09:59:15,2025-02-17,31.5,23.2,26.9,1.1,1.1,4.0,6.1,24.5,38813.64
Mikania micrantha,7.4353,125.801942,2022-05-01T09:46:11,2022-05-01,29.8,23.6,25.9,8.5,8.5,16.0,13.8,32.0,23204.63
Mikania micrantha,10.026597,122.767335,2021-05-02T16:54:48,2021-05-02,31.0,24.7,28.3,1.1,1.1,8.0,12.6,39.2,41748.25
Mikania micrantha,10.614325,122.972983,2021-04-20T07:57Z,2021-04-20,28.0,24.9,25.9,20.9,20.9,23.0,22.5,43.2,10522.13
Mikania micrantha,7.075906,125.524514,2022-04-29T11:11:54,2022-04-29,30.4,24.3,26.5,15.1,15.1,18.0,10.8,23.0,28800.0
Mikania micrantha,14.586432,121.162369,2021-04-16T08:45,2021-04-16,33.7,23.3,27.9,0.2,0.2,2.0,13.9,31.3,42383.34
Mikania micrantha,-8.257349,115.140977,2019-08-31T13:39,2019-08-31,21.7,13.3,16.5,0.2,0.2,2.0,9.7,37.4,39575.94
Mikania micrantha,11.526788,122.732254,2021-03-07T07:47:40,2021-03-07,27.1,23.6,25.3,1.7,1.7,10.0,23.8,47.2,40634.16
Mikania micrantha,16.393945,120.573862,2025-02-11T08:14:21,2025-02-11,23.2,15.4,18.2,7.5,7.5,9.0,9.6,36.7,28096.4
Mikania micrantha,7.443199,125.808556,2025-04-27T20:27:17,2025-04-27,31.3,23.2,25.2,41.6,41.6,14.0,11.7,27.0,26621.55
Mikania micrantha,10.424645,123.083427,2022-06-07T12:37:57,2022-06-07,25.6,20.6,23.0,3.2,3.2,10.0,9.6,40.3,42422.82
Mikania micrantha,14.109979,120.93905,2024-10-09T09:38:14,2024-10-09,26.7,21.3,23.1,15.5,15.5,12.0,10.2,26.3,30255.35
Mikania micrantha,7.374307,125.817088,2025-04-25T15:30:03,2025-04-25,32.5,23.2,26.8,7.5,7.5,8.0,13.7,31.0,26252.45
Mikania micrantha,7.456771,125.806178,2025-04-25T14:17:24,2025-04-25,31.4,22.9,26.3,1.6,1.6,5.0,12.9,29.5,27646.46
Mikania micrantha,3.747178,102.561447,2025-04-27T09:12:25,2025-04-27,31.5,22.6,25.6,23.5,23.5,8.0,8.8,25.6,34596.76
Mikania micrantha,14.604604,121.262492,2021-01-13T12:15:45,2021-01-13,27.0,20.0,23.2,0.4,0.4,4.0,15.5,33.8,36262.73
Mikania micrantha,8.512135,124.77562,2021-12-17T15:38:50,2021-12-17,32.7,25.3,27.7,12.5,12.5,6.0,17.9,36.7,36522.79
Mikania micrantha,7.415896,125.825003,2025-04-28T05:50,2025-04-28,31.8,22.4,25.7,8.4,8.4,10.0,8.0,23.0,36683.7
Mikania micrantha,16.403761,120.614639,2021-12-19T16:50:07,2021-12-19,18.1,15.5,17.0,16.8,16.8,17.0,10.4,37.4,309.39
Mikania micrantha,3.975049,115.619368,2019-10-15T15:47,2019-10-15,25.3,19.0,21.7,8.0,8.0,14.0,9.5,29.2,31988.19
Mikania micrantha,3.756214,102.561084,2025-04-28T18:24:50,2025-04-28,31.1,22.6,25.7,6.1,6.1,9.0,9.3,20.2,37566.68
Mikania micrantha,7.083947,125.522916,2020-11-22T17:07:03,2020-11-22,30.6,24.9,26.9,7.2,7.2,6.0,17.3,37.4,39349.83
Mikania micrantha,6.950839,126.262267,2025-04-28T16:52:13,2025-04-28,30.0,24.4,27.0,2.0,2.0,6.0,11.8,29.9,39875.3
Mikania micrantha,9.196244,124.691353,2025-02-24T08:03:48,2025-02-24,25.3,20.2,21.9,11.2,11.2,21.0,21.9,94.3,28980.32
Mikania micrantha,10.292561,123.024652,2021-10-04T15:18Z,2021-10-04,25.8,23.7,24.8,57.3,57.3,20.0,18.2,32.0,5.0
Mikania micrantha,2.717931,101.891864,2025-04-28T15:20,2025-04-28,32.3,23.2,25.9,12.3,12.3,10.0,13.2,33.8,35935.88
Mikania micrantha,7.421425,125.829864,2025-04-25T12:38,2025-04-25,32.4,23.0,26.6,7.5,7.5,8.0,13.7,31.0,26252.45
Mikania micrantha,14.595764,121.147178,2024-12-30T13:04,2024-12-30,28.9,24.1,25.8,16.0,16.0,16.0,13.1,31.0,28270.87
Mikania micrantha,3.457354,101.990309,2025-04-20T11:37:51,2025-04-20,32.2,23.0,26.6,1.8,1.8,6.0,9.4,22.0,41492.93
Mikania micrantha,6.839486,125.397493,2021-02-28T13:38:26,2021-02-28,30.1,24.3,26.7,1.0,1.0,6.0,20.7,40.3,40706.29
Mikania micrantha,7.189718,125.428603,2022-05-02T15:18,2022-05-02,25.5,22.4,23.4,25.0,25.0,19.0,8.4,22.0,9222.21
Mikania micrantha,7.073476,125.611025,2024-11-06T13:10:33,2024-11-06,32.0,24.9,27.5,0.0,0.0,0.0,13.8,29.5,36000.0
Mikania micrantha,13.704068,120.910062,2025-03-02T16:43:25,2025-03-02,32.6,23.8,27.7,0.9,0.9,5.0,19.1,44.3,38640.05
Mikania micrantha,14.523403,121.265565,2021-01-15T08:08:39,2021-01-15,29.0,22.9,25.6,0.1,0.1,1.0,17.1,31.7,36000.66
Mikania micrantha,10.665626,123.036436,2024-09-05T09:46:17,2024-09-05,30.0,25.6,27.5,3.4,3.4,7.0,24.7,49.7,37853.55
Mikania micrantha,7.006958,126.227097,2025-04-27T17:46:58,2025-04-27,28.6,22.4,24.8,26.8,26.8,11.0,14.2,34.9,35722.83
Mikania micrantha,14.638622,121.074997,2025-02-17T09:34:30,2025-02-17,31.5,23.2,26.9,1.1,1.1,4.0,6.1,24.5,38813.64
Mikania micrantha,7.422531,125.829189,2025-04-28T11:07:23,2025-04-28,31.8,22.4,25.7,8.4,8.4,10.0,8.0,23.0,36683.7
Mikania micrantha,3.934235,102.357305,2025-04-26T09:41:12,2025-04-26,31.6,22.9,26.6,8.0,8.0,7.0,12.5,27.4,41020.71
Mikania micrantha,1.458702,124.83151,2025-05-01T15:58:58,2025-05-01,30.1,23.9,26.4,11.8,11.8,9.0,9.0,23.8,35337.68
Mikania micrantha,7.454497,125.806022,2025-04-25T06:06:26,2025-04-25,32.4,23.0,26.6,7.5,7.5,8.0,13.7,31.0,26252.45
Mikania micrantha,4.450018,101.410058,2025-04-05T15:12,2025-04-05,23.5,16.0,19.2,12.5,12.5,8.0,5.0,18.0,27938.2
Mikania micrantha,5.732418,102.467042,2021-10-26T18:03:48,2021-10-26,29.1,22.7,25.6,11.5,11.5,10.0,10.0,27.4,40292.42
Mikania micrantha,2.84098,111.70338,2020-02-28T13:27,2020-02-28,28.6,25.8,26.9,2.1,2.1,12.0,16.2,39.6,36989.22
Mikania micrantha,1.97458,102.924055,2025-01-19T14:02,2025-01-19,28.4,23.3,25.2,2.0,2.0,5.0,17.6,37.4,12044.83
Mikania micrantha,12.653726,101.574142,2025-01-13T06:59:15,2025-01-13,27.8,17.8,22.6,0.0,0.0,0.0,18.7,33.5,38556.34
Mikania micrantha,3.126918,101.72297,2025-03-26T05:43:35,2025-03-26,33.1,23.2,28.1,0.2,0.2,2.0,7.6,22.0,34819.69
Mikania micrantha,1.295522,124.780853,2024-12-20T11:39:28,2024-12-20,27.9,21.5,23.4,1.6,1.6,10.0,15.8,48.2,38226.48
Mikania micrantha,-6.839169,105.893531,2025-03-14T06:59,2025-03-14,28.9,24.1,26.1,19.5,19.5,12.0,13.6,33.8,35720.89
Mikania micrantha,9.24792,124.684136,2025-02-25T16:44:45,2025-02-25,28.9,23.5,25.6,17.5,17.5,24.0,27.3,67.0,33096.02
Mikania micrantha,15.1748,120.34673,2025-02-20T08:37:02,2025-02-20,22.8,17.8,19.9,4.1,4.1,10.0,20.9,53.3,37299.39
Mikania micrantha,5.614283,116.438447,2024-12-09T11:46:37,2024-12-09,22.8,17.1,19.3,20.7,20.7,16.0,8.8,25.6,32439.58
Mikania micrantha,4.049803,114.812507,2024-12-13T12:56,2024-12-13,29.0,23.9,26.2,18.8,18.8,18.0,9.3,27.0,26283.47
Mikania micrantha,14.473106,120.970736,2025-02-22T17:45:41,2025-02-22,31.5,25.9,27.9,0.0,0.0,0.0,25.6,59.0,39146.65
Mikania micrantha,-3.133317,120.251388,2024-12-31T17:46:08,2024-12-31,29.9,24.8,26.7,10.0,10.0,15.0,7.0,20.2,28844.54
Mikania micrantha,8.012384,98.840516,2025-02-25T14:41,2025-02-25,30.1,23.6,26.5,1.1,1.1,10.0,29.7,61.9,36125.93
Mikania micrantha,-0.86852,121.575216,2024-11-03T07:47,2024-11-03,30.3,25.0,27.6,0.6,0.6,5.0,10.3,30.2,33449.59
Mikania micrantha,3.150639,101.63495,2025-02-19T11:32,2025-02-19,31.0,22.4,26.2,9.8,9.8,7.0,7.9,20.5,21439.94
Mikania micrantha,-3.155605,121.086945,2025-01-01T11:20:23,2025-01-01,29.7,25.4,27.1,7.1,7.1,10.0,9.2,27.4,30349.29
Mikania micrantha,18.893889,99.016667,2024-11-29T15:57:50,2024-11-29,26.9,19.0,22.6,0.5,0.5,2.0,9.2,21.6,34504.46
Mikania micrantha,-7.674544,110.517311,2024-01-23T14:35,2024-01-23,27.2,23.7,25.4,1.8,1.8,7.0,22.9,43.2,9074.99
Mikania micrantha,1.599139,99.221307,2024-12-13T11:19:11,2024-12-13,22.1,18.8,19.7,7.2,7.2,23.0,14.2,46.1,15634.48
Mikania micrantha,18.867441,99.009626,2025-02-03T20:32:31,2025-02-03,30.5,15.9,22.4,0.0,0.0,0.0,9.3,16.9,38197.56
Mikania micrantha,12.573981,99.947691,2025-01-30T16:44:54,2025-01-30,28.2,20.5,24.0,0.0,0.0,0.0,15.7,32.8,39099.95
Mikania micrantha,-8.524645,115.275712,2024-12-30T11:39:16,2024-12-30,30.2,23.2,25.3,12.7,12.7,10.0,11.8,28.4,21600.0
Mikania micrantha,-3.523092,119.773522,2024-12-29T15:06:38,2024-12-29,27.8,21.5,24.7,8.7,8.7,7.0,6.8,28.4,36590.64
Mikania micrantha,-7.690775,110.582594,2024-01-23T16:41,2024-01-23,28.8,24.8,26.5,0.7,0.7,5.0,24.0,45.0,11371.06
Mikania micrantha,13.813225,100.656598,2024-12-16T17:17,2024-12-16,30.6,22.0,26.1,0.0,0.0,0.0,10.3,26.6,32957.54
Mikania micrantha,16.429966,120.576321,2025-02-12T09:27:58,2025-02-12,21.1,14.8,17.3,7.1,7.1,10.0,10.2,39.6,38393.69
Mikania micrantha,2.94256,101.876062,2025-02-05T13:34:20,2025-02-05,29.7,23.1,25.3,3.1,3.1,4.0,13.8,31.7,19603.23
Mikania micrantha,-2.57657,121.065742,2025-01-01T09:18:19,2025-01-01,30.6,24.2,26.7,2.3,2.3,13.0,8.1,28.1,31626.64
Mikania micrantha,1.75155,110.315805,2024-10-20T15:58,2024-10-20,30.5,21.9,25.3,10.4,10.4,9.0,14.2,29.5,36000.0
Mikania micrantha,9.248458,124.684789,2025-02-25T16:47:33,2025-02-25,28.9,23.5,25.5,17.5,17.5,24.0,27.3,67.0,33096.02
Mikania micrantha,-6.386899,107.767101,2019-07-25T17:03,2019-07-25,34.0,21.5,27.5,0.0,0.0,0.0,20.7,43.6,39591.24
Mikania micrantha,7.812323,99.943485,2024-12-11T16:23:59,2024-12-11,31.1,23.4,26.8,0.0,0.0,0.0,15.2,29.5,35251.86
Mikania micrantha,-8.813172,115.166741,2024-02-21T12:08:17,2024-02-21,30.6,26.3,27.9,2.9,2.9,12.0,19.1,37.1,39795.46
Mikania micrantha,-0.857317,119.810936,2023-12-19T10:02,2023-12-19,30.3,23.0,26.1,9.3,9.3,11.0,10.2,30.2,37922.0
Mikania micrantha,-6.549089,106.732209,2019-02-24T08:30,2019-02-24,28.5,22.1,24.8,13.5,13.5,14.0,8.7,24.8,31651.67
Mikania micrantha,-3.664917,122.2352,2025-01-02T14:20,2025-01-02,30.1,25.5,27.4,0.7,0.7,7.0,7.4,24.1,28825.95
Mikania micrantha,-6.386309,107.780107,2019-07-03T08:34,2019-07-03,34.4,22.2,28.1,0.0,0.0,0.0,20.0,41.8,39158.49
Mikania micrantha,18.894244,99.017109,2024-11-29T15:57:38,2024-11-29,26.9,19.0,22.6,0.5,0.5,2.0,9.2,21.6,34504.46
Mikania micrantha,-3.815128,121.196725,2025-01-01T16:19:44,2025-01-01,30.0,24.3,27.5,5.2,5.2,6.0,9.9,35.6,32135.43
Mikania micrantha,-3.664638,122.235717,2025-01-02T14:34:47,2025-01-02,30.1,25.5,27.4,0.7,0.7,7.0,7.4,24.1,28825.95
Mikania micrantha,-7.823019,110.001564,2024-01-25T17:27,2024-01-25,29.7,23.7,26.2,5.2,5.2,11.0,16.7,34.9,39619.46
Mikania micrantha,2.227077,111.85659,2025-01-12T11:40:41,2025-01-12,28.6,23.4,25.5,35.6,35.6,14.0,8.4,19.8,25794.18
Mikania micrantha,-6.671028,106.758416,2023-03-18T12:05,2023-03-18,26.8,19.7,22.4,10.7,10.7,9.0,8.7,32.0,32502.34
Mikania micrantha,-8.49808,115.266875,2024-12-28T15:39:42,2024-12-28,27.0,23.2,24.9,15.0,15.0,20.0,17.1,39.6,13066.14
Mikania micrantha,1.751783,110.315925,2025-01-01T15:40,2025-01-01,28.8,24.5,26.3,17.4,17.4,22.0,15.8,35.6,36000.0
Mikania micrantha,-3.0956,122.20327,2025-01-02T17:25:54,2025-01-02,27.5,19.6,21.7,13.5,13.5,8.0,4.3,21.6,28295.83
Mikania micrantha,-7.102045,107.422671,2019-11-18T10:19,2019-11-18,26.6,14.8,20.0,0.1,0.1,1.0,18.3,43.2,41399.73
Mikania micrantha,16.502597,100.201699,2024-12-07T16:27:20,2024-12-07,31.0,22.7,26.9,0.0,0.0,0.0,5.0,11.5,36603.33
Mikania micrantha,6.857172,101.25232,2025-01-26T17:31:27,2025-01-26,28.8,24.0,26.0,4.1,4.1,8.0,14.5,31.3,17476.57
Mikania micrantha,-6.555484,106.72403,2021-06-25T16:05,2021-06-25,28.5,21.4,25.0,2.5,2.5,4.0,6.3,17.6,37443.66
Mikania micrantha,-6.49531,106.85246,2019-08-07T13:38,2019-08-07,33.5,21.9,26.7,0.0,0.0,0.0,17.2,36.4,38715.95
Mikania micrantha,18.867442,99.009613,2025-01-12T21:02:55,2025-01-12,23.4,14.2,18.3,0.1,0.1,1.0,12.1,26.3,37166.81
Mikania micrantha,13.703064,100.629434,2025-02-17T07:03:17,2025-02-17,31.3,26.4,28.5,7.6,7.6,8.0,12.1,32.4,39553.07
Mikania micrantha,-7.703717,110.580108,2024-01-23T16:23,2024-01-23,28.8,24.8,26.5,0.7,0.7,5.0,24.0,45.0,11371.06
Mikania micrantha,-7.680036,110.499803,2024-01-23T13:28,2024-01-23,27.2,23.7,25.4,1.8,1.8,7.0,22.9,43.2,9074.99
Mikania micrantha,-7.690217,110.513894,2024-01-23T13:51,2024-01-23,27.2,23.7,25.4,1.8,1.8,7.0,22.9,43.2,9074.99
Mikania micrantha,16.284022,120.639612,2025-01-04T15:14:45,2025-01-04,21.2,14.6,17.3,0.8,0.8,4.0,8.8,30.6,29807.12
Mikania micrantha,-7.110404,107.436417,2019-11-10T11:49,2019-11-10,24.5,17.1,20.7,0.2,0.2,2.0,12.5,29.5,41463.08
Mikania micrantha,1.751878,110.315506,2025-01-02T18:08,2025-01-02,29.7,24.6,26.6,7.7,7.7,13.0,13.3,32.4,32784.74
Mikania micrantha,-7.310819,109.218483,2024-01-26T12:06,2024-01-26,24.7,19.2,21.5,44.7,44.7,13.0,9.9,25.2,36609.6
Mikania micrantha,-7.670731,110.519403,2024-01-23T15:05,2024-01-23,27.2,23.7,25.4,1.8,1.8,7.0,22.9,43.2,9074.99
Mikania micrantha,19.71565,99.116039,2025-01-09T05:16:34,2025-01-09,26.6,16.2,20.6,0.0,0.0,0.0,7.0,20.9,36867.54
Mikania micrantha,-6.496116,106.852504,2019-11-21T14:19,2019-11-21,32.9,23.7,27.2,25.4,25.4,10.0,6.3,23.8,39360.98
Mikania micrantha,-5.758858,105.688933,2024-09-15T10:46,2024-09-15,32.0,22.5,27.3,0.5,0.5,5.0,8.7,25.6,40762.87
Mikania micrantha,13.561369,99.842651,2024-11-19T12:29:44,2024-11-19,32.2,23.1,27.5,0.1,0.1,1.0,13.5,30.2,37386.92
Mikania micrantha,2.942838,101.719328,2024-07-07T10:41,2024-07-07,29.8,23.1,26.2,18.2,18.2,10.0,9.9,20.5,31681.31
Mikania micrantha,4.026723,114.805502,2015-03-12T08:07,2015-03-12,30.0,22.4,25.3,4.4,4.4,10.0,8.9,31.7,32732.21
Mikania micrantha,2.961982,101.695124,2023-09-28T11:38:44,2023-09-28,31.9,23.5,27.9,0.2,0.2,2.0,16.1,33.1,39083.77
Mikania micrantha,1.470362,103.729753,2022-04-30T10:50:43,2022-04-30,30.0,24.4,27.1,9.7,9.7,14.0,9.4,23.0,38821.8
Mikania micrantha,3.151461,101.740947,2022-11-13T16:05:10,2022-11-13,28.1,22.8,25.2,15.9,15.9,14.0,9.2,27.7,32017.03
Mikania micrantha,3.550933,101.201008,2023-01-06T01:51,2023-01-06,29.7,21.9,25.1,4.7,4.7,6.0,11.2,22.7,30095.33
Mikania micrantha,2.28034,112.977373,2023-03-15T16:50,2023-03-15,31.7,22.0,25.6,17.5,17.5,11.0,10.3,24.1,37213.69
Mikania micrantha,4.484586,114.029559,2023-05-07T13:34,2023-05-07,29.5,24.0,26.7,27.7,27.7,14.0,17.1,42.8,29517.47
Mikania micrantha,3.146405,101.495491,2021-04-23T09:33:44,2021-04-23,29.6,23.3,26.3,6.8,6.8,18.0,13.8,30.6,32643.44
Mikania micrantha,1.845653,103.070659,2021-01-20T22:11,2021-01-20,29.0,21.4,25.1,0.5,0.5,3.0,14.5,34.9,39426.48
Mikania micrantha,1.540872,110.350228,2021-11-14T12:14:23,2021-11-14,28.8,23.1,25.2,12.2,12.2,10.0,6.5,19.8,26624.61
Mikania micrantha,6.856225,101.254403,2025-02-25T08:15:23,2025-02-25,28.2,23.7,25.8,10.8,10.8,13.0,27.0,51.5,14493.18
Mikania micrantha,-1.88375,120.820542,2025-01-03T07:31:13,2025-01-03,27.8,20.7,23.2,41.3,41.3,14.0,10.9,31.0,28490.98
Mikania micrantha,12.095639,120.121322,2025-01-28T12:49,2025-01-28,29.5,23.2,25.8,0.0,0.0,0.0,16.8,37.4,31895.62
Mikania micrantha,6.85645,101.252495,2025-01-28T14:00:43,2025-01-28,29.2,24.4,26.4,0.4,0.4,2.0,26.3,51.8,39600.0
Mikania micrantha,13.703101,100.629491,2025-01-29T06:53:52,2025-01-29,30.7,20.5,25.7,0.0,0.0,0.0,13.8,37.4,38869.09
Mikania micrantha,8.914492,98.534123,2024-12-29T06:10,2024-12-29,27.3,23.6,25.1,2.1,2.1,9.0,19.5,50.0,30288.25
Mikania micrantha,-0.95851,122.774481,2024-11-30T07:21,2024-11-30,29.1,23.5,26.2,6.8,6.8,11.0,6.1,22.7,35725.52
Mikania micrantha,-0.958367,122.774654,2024-11-30T07:21,2024-11-30,29.1,23.5,26.2,6.8,6.8,11.0,6.1,22.7,35725.52
Mikania micrantha,-0.803406,120.145675,2023-12-26T09:21,2023-12-26,30.3,23.8,26.7,6.3,6.3,13.0,8.4,25.2,36901.17
Mikania micrantha,13.733156,100.556244,2024-12-07T08:52:57,2024-12-07,33.8,26.5,30.5,1.3,1.3,4.0,12.1,34.9,36167.93
Mikania micrantha,-1.37375,122.441593,2024-04-30T14:34,2024-04-30,30.1,23.5,26.2,35.1,35.1,18.0,10.1,23.8,25368.55
Mikania micrantha,12.118233,102.702131,2023-01-11T14:11:17,2023-01-11,23.8,22.1,23.0,90.9,90.9,22.0,5.2,24.5,650.38
Mikania micrantha,18.17718,98.069574,2024-11-21T11:51,2024-11-21,24.4,15.9,19.7,0.9,0.9,5.0,9.6,27.7,37636.4
Mikania micrantha,1.556541,103.634186,2023-04-30T11:53:49,2023-04-30,29.9,24.1,26.2,8.6,8.6,9.0,11.0,23.4,24037.4
Mikania micrantha,1.557656,103.633967,2023-04-30T11:53:21,2023-04-30,29.9,24.1,26.2,8.6,8.6,9.0,11.0,23.4,24037.4
Mikania micrantha,1.55671,103.634278,2023-04-30T11:53:50,2023-04-30,29.9,24.1,26.2,8.6,8.6,9.0,11.0,23.4,24037.4
Mikania micrantha,1.369842,124.834105,2024-12-19T16:27:53,2024-12-19,26.0,21.2,22.8,5.8,5.8,18.0,18.3,55.8,39600.0
Mikania micrantha,1.485368,103.761815,2022-05-20T14:27:04,2022-05-20,30.5,23.9,26.4,5.2,5.2,9.0,14.0,28.8,29358.78
Mikania micrantha,1.561866,103.6555,2023-05-01T15:09:08,2023-05-01,30.4,23.8,26.7,7.7,7.7,8.0,8.4,22.3,34047.24
Mikania micrantha,17.486837,101.673705,2024-11-27T07:46:45,2024-11-27,28.1,19.9,23.8,0.0,0.0,0.0,17.5,36.0,36000.0
Mikania micrantha,3.711867,101.736556,2024-11-02T07:27:36,2024-11-02,23.7,17.4,20.0,0.4,0.4,4.0,10.5,33.8,31329.71
Mikania micrantha,7.885,98.285,2024-02-02T12:52,2024-02-02,33.0,24.3,27.8,0.0,0.0,0.0,13.2,33.5,39202.41
Mikania micrantha,14.465687,101.36608,2024-11-02T10:00:09,2024-11-02,25.2,19.6,22.1,0.0,0.0,0.0,22.7,56.5,38420.43
Mikania micrantha,17.161407,102.694336,2024-11-09T16:39,2024-11-09,26.7,17.2,22.2,0.0,0.0,0.0,8.8,23.8,37313.67
Mikania micrantha,-7.721281,110.251393,2024-10-19T12:57,2024-10-19,32.0,21.3,25.8,5.1,5.1,7.0,11.7,29.9,38470.43
Mikania micrantha,15.387844,120.997651,2024-10-18T09:28,2024-10-18,31.9,23.7,27.6,3.3,3.3,4.0,8.2,17.6,39027.09
Mikania micrantha,-1.811644,114.334143,2024-11-15T21:55,2024-11-15,32.7,23.2,26.5,30.6,30.6,18.0,8.3,21.2,28572.17
Mikania micrantha,13.799675,100.759551,2024-11-16T17:38:54,2024-11-16,35.1,24.9,29.7,0.0,0.0,0.0,4.5,16.6,36975.6
Mikania micrantha,13.703031,100.628563,2024-11-18T06:43:16,2024-11-18,32.2,24.4,27.8,0.5,0.5,2.0,12.3,31.0,37097.73
Mikania micrantha,8.043983,98.328949,2024-11-17T09:37:23,2024-11-17,32.0,25.2,27.8,1.0,1.0,5.0,10.3,23.0,38563.59
Mikania micrantha,3.173132,101.500819,2024-11-19T11:10:34,2024-11-19,26.8,23.8,24.9,14.2,14.2,23.0,7.3,16.9,0.0
Mikania micrantha,13.000799,101.450575,2024-11-17T06:57:52,2024-11-17,31.5,23.4,26.8,6.8,6.8,8.0,16.9,32.4,35100.58
Mikania micrantha,3.024758,101.696331,2024-10-19T08:46,2024-10-19,30.9,23.4,27.1,4.7,4.7,11.0,11.8,22.7,30467.9
Mikania micrantha,16.460728,102.806625,2024-10-18T16:35,2024-10-18,30.7,24.4,27.1,5.7,5.7,12.0,10.5,24.5,36147.65
Mikania micrantha,3.05537,101.817552,2024-10-16T10:49,2024-10-16,29.5,23.1,26.5,1.0,1.0,4.0,7.9,19.4,31780.02
Mikania micrantha,13.703001,100.627902,2024-10-02T06:52:13,2024-10-02,31.2,25.1,27.7,2.5,2.5,11.0,15.7,32.8,29875.96
Mikania micrantha,13.692921,100.566709,2024-04-16T15:49:33,2024-04-16,34.1,28.8,31.0,1.7,1.7,2.0,21.7,39.6,41320.15
Mikania micrantha,-8.810423,115.167599,2024-05-20T15:49,2024-05-20,28.9,25.3,26.9,0.8,0.8,6.0,26.7,50.4,38764.11
Mikania micrantha,-7.608712,112.765434,2021-07-24T10:24,2021-07-24,33.7,21.8,27.2,0.0,0.0,0.0,15.5,38.5,39341.48
Mikania micrantha,17.615339,100.155679,2020-12-27T07:40:58,2020-12-27,31.5,21.4,26.4,0.0,0.0,0.0,7.2,17.3,37013.05
Mikania micrantha,3.210649,101.758995,2023-09-25T13:03,2023-09-25,26.5,22.8,24.6,25.8,25.8,12.0,10.5,22.3,4425.11
Mikania micrantha,14.049644,100.715024,2024-01-03T16:40:21,2024-01-03,32.5,22.3,27.1,0.0,0.0,0.0,8.3,16.6,38051.59
Mikania micrantha,-6.935599,107.771912,2021-06-24T20:30,2021-06-24,24.9,17.9,21.3,5.0,5.0,7.0,12.3,29.9,27017.76
Mikania micrantha,6.813814,99.825119,2019-10-28T11:57:07,2019-10-28,28.6,24.1,25.9,6.7,6.7,17.0,11.0,26.3,27894.27
Mikania micrantha,-2.305128,114.120797,2024-08-19T16:34:17,2024-08-19,32.2,23.8,27.3,5.0,5.0,13.0,8.5,25.9,37963.02
Mikania micrantha,18.548944,121.182493,2023-11-04T17:31,2023-11-04,29.0,22.6,25.9,1.9,1.9,10.0,13.6,32.4,38476.27
Mikania micrantha,5.354448,100.297831,2021-03-27T08:27Z,2021-03-27,29.5,24.0,26.7,3.9,3.9,5.0,12.9,39.6,37532.51
Mikania micrantha,8.831233,98.365388,2024-04-27T08:44,2024-04-27,37.4,24.9,28.5,7.7,7.7,6.0,11.2,27.7,29034.13
Mikania micrantha,-6.942523,107.555736,2024-05-15T11:33,2024-05-15,30.1,21.0,25.1,0.3,0.3,3.0,7.1,20.9,38900.09
Mikania micrantha,-7.81149,110.418399,2020-07-24T05:50,2020-07-24,31.2,20.5,25.3,0.0,0.0,0.0,24.0,44.3,38750.75
Mikania micrantha,-6.942297,108.529991,2021-05-13T13:22:23,2021-05-13,28.2,22.6,24.8,2.4,2.4,10.0,15.5,32.8,39041.01
Mikania micrantha,-7.617091,110.127257,2020-10-10T13:59,2020-10-10,26.7,21.3,23.0,21.6,21.6,20.0,10.4,29.9,21968.29
Mikania micrantha,7.067401,125.596046,2020-02-19T13:28,2020-02-19,30.9,24.3,26.9,0.7,0.7,4.0,24.5,44.6,40447.52
Mikania micrantha,-7.325889,108.056902,2021-07-07T08:43:14,2021-07-07,24.6,16.6,20.9,1.5,1.5,8.0,10.5,26.6,38211.12
Mikania micrantha,-7.62941,110.406606,2020-07-25T11:34,2020-07-25,24.9,17.0,20.2,0.0,0.0,0.0,13.3,28.8,39066.7
Mikania micrantha,12.64797,101.548653,2024-02-16T10:05:54,2024-02-16,31.5,25.1,28.1,3.1,3.1,7.0,14.5,32.4,39527.65
Mikania micrantha,-7.649318,110.453092,2020-08-11T11:50,2020-08-11,29.0,20.7,23.7,16.6,16.6,12.0,9.9,29.2,34427.93
Mikania micrantha,8.19396,124.856712,2024-06-06T04:36,2024-06-06,23.0,18.8,20.4,62.0,62.0,16.0,7.1,23.0,27077.91
Mikania micrantha,1.555821,103.638458,2021-05-01T18:25:01,2021-05-01,29.5,22.9,25.6,11.8,11.8,11.0,12.9,29.2,22497.66
Mikania micrantha,7.078185,125.52364,2022-12-13,2022-12-13,30.0,24.5,26.3,29.1,29.1,11.0,11.8,24.1,38799.59
Mikania micrantha,7.230241,125.480264,2020-03-01T06:54:44,2020-03-01,30.9,24.0,26.6,3.2,3.2,7.0,13.4,31.0,38481.33
Mikania micrantha,-7.708053,109.022847,2021-07-02T13:21:58,2021-07-02,28.2,24.1,26.6,0.6,0.6,6.0,18.8,36.0,38424.93
Mikania micrantha,-7.615701,110.415062,2020-09-11T20:29,2020-09-11,25.3,17.6,21.2,2.0,2.0,10.0,13.6,31.0,39600.0
Mikania micrantha,-8.65241,115.12823,2024-05-23T13:19:02,2024-05-23,30.4,24.3,26.9,4.2,4.2,11.0,13.3,32.4,38714.18
Mikania micrantha,3.419135,101.842165,2023-09-23T09:23,2023-09-23,24.5,18.3,20.8,2.8,2.8,8.0,7.6,27.0,22326.24
Mikania micrantha,20.100911,99.535408,2024-07-27T09:23:57,2024-07-27,29.7,22.6,25.4,1.3,1.3,5.0,11.3,32.8,39389.28
Mikania micrantha,3.841143,101.297051,2024-06-24T17:23,2024-06-24,31.0,22.1,26.8,0.0,0.0,0.0,14.9,28.8,37264.24
Mikania micrantha,3.417196,101.843371,2023-09-23T15:03,2023-09-23,24.7,18.4,20.9,2.8,2.8,8.0,7.6,27.0,22326.24
Mikania micrantha,17.396138,101.801284,2024-05-05T18:18:51,2024-05-05,37.3,26.4,31.3,0.8,0.8,1.0,12.5,30.2,42801.6
Mikania micrantha,4.082684,101.795809,2024-06-03,2024-06-03,30.6,23.5,25.9,5.8,5.8,12.0,6.4,16.9,22141.69
Mikania micrantha,5.972046,116.081603,2018-11-24T10:37,2018-11-24,29.5,24.4,26.7,7.1,7.1,8.0,9.8,27.0,33348.87
Mikania micrantha,14.049692,100.715007,2024-01-03T16:39:14,2024-01-03,32.5,22.3,27.1,0.0,0.0,0.0,8.3,16.6,38051.59
Mikania micrantha,-7.648754,108.789797,2021-07-02,2021-07-02,29.5,23.3,26.4,1.7,1.7,6.0,14.6,25.9,38391.87
Mikania micrantha,-6.860859,107.594398,2023-04-15T06:54:59,2023-04-15,26.4,18.2,21.5,7.8,7.8,8.0,11.5,28.1,32700.85
Mikania micrantha,12.998287,101.44796,2024-04-29T18:21:17,2024-04-29,38.0,27.2,31.7,0.0,0.0,0.0,14.8,32.8,42267.91
Mikania micrantha,14.4337,101.411157,2024-02-20T15:17,2024-02-20,29.6,20.7,24.5,0.0,0.0,0.0,16.6,44.3,39535.95
Mikania micrantha,3.841048,101.297089,2024-05-26T18:06:43,2024-05-26,30.1,25.4,26.9,2.9,2.9,9.0,10.5,20.2,16265.84
Mikania micrantha,7.418696,125.831859,2024-04-27T08:41,2024-04-27,33.5,24.5,27.0,39.4,39.4,11.0,12.4,32.0,23072.24
Mikania micrantha,9.885429,98.764208,2024-08-17T13:47:34,2024-08-17,30.7,24.5,26.9,5.8,5.8,8.0,9.4,24.8,34253.38
Mikania micrantha,6.856288,101.252442,2024-02-18T09:44:48,2024-02-18,31.8,24.7,27.8,3.0,3.0,7.0,20.1,45.0,32400.0
Mikania micrantha,-0.718272,120.053935,2023-12-21T13:25,2023-12-21,27.4,22.3,24.5,2.8,2.8,6.0,7.4,27.4,25785.62
Mikania micrantha,13.85203,100.775605,2024-04-29T10:13:30,2024-04-29,37.7,29.5,32.8,0.2,0.2,2.0,17.7,37.4,42158.18
Mikania micrantha,-8.341418,115.1867,2023-07-11T13:23:53,2023-07-11,22.7,18.1,19.6,0.5,0.5,5.0,14.2,36.0,39178.29
Mikania micrantha,7.509633,126.078028,2022-08-23T06:47:51,2022-08-23,25.9,20.1,22.7,15.1,15.1,9.0,5.4,23.4,18806.21
Mikania micrantha,1.280653,103.5102,2021-05-02T11:56Z,2021-05-02,30.9,24.2,27.5,1.7,1.7,12.0,13.5,32.0,41303.48
Mikania micrantha,5.09315,102.989615,2024-05-04,2024-05-04,35.8,25.9,28.4,16.9,16.9,7.0,23.7,44.6,34675.26
Mikania micrantha,3.14645,101.616408,2024-04-29T15:51:27,2024-04-29,32.2,25.1,28.2,7.4,7.4,7.0,9.5,25.6,41160.76
Mikania micrantha,-7.678394,110.393571,2020-09-23T14:18,2020-09-23,29.8,21.8,24.7,2.7,2.7,12.0,14.8,32.8,36367.33
Mikania micrantha,15.408805,121.099758,2024-07-16T14:53:50,2024-07-16,30.4,24.6,27.4,0.1,0.1,1.0,24.4,45.4,37755.22
Mikania micrantha,-6.383297,106.894469,2024-08-23T14:50,2024-08-23,34.3,23.8,28.0,1.0,1.0,6.0,9.7,27.0,37052.07
Mikania micrantha,8.68167,124.871508,2024-06-21T13:28:55,2024-06-21,27.6,22.5,24.8,2.1,2.1,7.0,10.5,25.9,32711.98
Mikania micrantha,13.698952,100.559546,2024-04-02T19:38,2024-04-02,34.2,28.5,30.9,0.0,0.0,0.0,21.3,38.9,40043.96
Mikania micrantha,8.070837,98.781138,2024-02-21T13:04,2024-02-21,33.0,24.8,28.1,2.8,2.8,4.0,15.5,36.4,39482.38
Mikania micrantha,15.432467,121.086445,2024-07-16T11:15:02,2024-07-16,30.4,24.6,27.4,0.1,0.1,1.0,24.4,45.4,37755.22
Mikania micrantha,2.339598,99.081192,2024-06-27T13:56,2024-06-27,27.6,20.6,23.9,0.3,0.3,2.0,7.4,21.6,36117.1
Mikania micrantha,3.039638,101.795144,2021-04-30T18:11:44,2021-04-30,29.4,22.6,25.4,31.2,31.2,18.0,12.3,31.7,16054.62
Mikania micrantha,-6.85983,107.629415,2021-09-08T12:17Z,2021-09-08,25.9,17.6,20.9,0.0,0.0,0.0,17.1,38.5,40761.59
Mikania micrantha,2.266358,102.15834,2021-04-18T08:05:18,2021-04-18,29.9,24.4,27.0,0.6,0.6,6.0,12.0,28.1,35540.29
Mikania micrantha,8.831339,98.366942,2024-04-27T07:50:52,2024-04-27,37.4,24.9,28.5,7.7,7.7,6.0,11.2,27.7,29034.13
Mikania micrantha,8.598945,98.677749,2024-02-20T12:48,2024-02-20,33.8,23.5,26.4,7.4,7.4,4.0,15.5,34.6,33231.3
Mikania micrantha,-7.727718,110.483092,2020-08-27T10:11,2020-08-27,32.0,20.1,25.5,0.0,0.0,0.0,18.5,38.2,39658.23
Mikania micrantha,10.261311,125.577903,2024-06-21T07:35:27,2024-06-21,30.1,25.0,27.6,6.7,6.7,15.0,10.0,25.2,33294.96
Mikania micrantha,3.779703,101.455778,2024-06-16T11:29:54,2024-06-16,27.9,23.8,25.8,24.6,24.6,16.0,6.4,28.8,29300.82
Mikania micrantha,-8.357476,114.916235,2024-01-12T17:46,2024-01-12,26.7,19.4,22.7,1.0,1.0,6.0,17.3,42.5,40068.67
Mikania micrantha,-7.700286,110.469233,2020-08-20T11:58,2020-08-20,31.3,20.6,24.8,2.9,2.9,4.0,13.3,32.8,39378.7
Mikania micrantha,12.579397,122.234671,2024-05-12T10:53:17,2024-05-12,31.4,28.9,30.4,1.4,1.4,9.0,27.1,49.0,42362.25
Mikania micrantha,14.439997,101.372017,2024-07-24T10:54:26,2024-07-24,23.6,20.8,21.7,11.3,11.3,17.0,21.9,59.4,14232.95
Mikania micrantha,-7.616334,110.415634,2020-09-05T15:07,2020-09-05,27.0,19.4,21.9,0.3,0.3,3.0,16.2,34.6,39793.66
Mikania micrantha,4.176858,103.409103,2021-05-09T18:14:25,2021-05-09,29.7,24.1,26.8,6.0,6.0,10.0,11.2,24.5,41729.19
Mikania micrantha,-1.501389,122.830134,2024-02-04T13:11,2024-02-04,29.9,24.5,27.0,23.2,23.2,19.0,7.2,22.0,40000.77
Mikania micrantha,15.588257,99.387316,2024-03-14T01:48,2024-03-14,37.8,20.3,28.9,0.0,0.0,0.0,14.8,26.6,39600.0
Mikania micrantha,-7.754014,110.415153,2020-07-10T17:06,2020-07-10,29.8,22.0,25.7,2.5,2.5,7.0,16.0,32.8,35374.29
Mikania micrantha,14.754548,120.273,2024-03-18T17:25:44,2024-03-18,31.7,23.4,26.8,0.6,0.6,6.0,14.4,31.7,41024.68
Mikania micrantha,20.100231,99.534917,2024-07-27T09:19:35,2024-07-27,29.9,22.8,25.6,1.3,1.3,5.0,11.3,32.8,39389.28
Mikania micrantha,13.733792,100.555113,2024-05-14T13:04:12,2024-05-14,33.8,25.8,29.6,0.0,0.0,0.0,9.5,22.0,39549.59
Mikania micrantha,7.449456,125.784878,2024-04-26T19:09,2024-04-26,33.0,24.7,28.1,24.5,24.5,16.0,10.8,29.2,33659.24
Mikania micrantha,6.85653,101.252547,2024-03-08T14:23:46,2024-03-08,34.5,24.2,28.6,0.2,0.2,2.0,22.5,49.3,34687.72
Mikania micrantha,8.0213,98.880102,2024-02-06T11:38,2024-02-06,32.5,24.1,28.2,1.1,1.1,3.0,13.4,39.6,39281.92
Mikania micrantha,8.609401,98.24042,2024-04-23T16:04:40,2024-04-23,34.0,25.1,29.1,9.6,9.6,7.0,12.3,35.3,39600.0
Mikania micrantha,12.884783,99.825287,2021-12-19T15:08:16,2021-12-19,27.9,22.0,25.1,0.0,0.0,0.0,14.5,31.7,38176.87
Mikania micrantha,13.001422,101.448242,2024-04-28T13:18:08,2024-04-28,37.7,26.8,31.5,0.0,0.0,0.0,16.4,37.1,42242.62
Mikania micrantha,-6.821663,107.596399,2017-07-30T10:46,2017-07-30,24.3,17.1,20.1,0.6,0.6,4.0,11.2,44.6,38795.52
Mikania micrantha,6.973097,100.483087,2024-06-30T11:14:56,2024-06-30,31.8,23.5,27.2,0.9,0.9,7.0,14.5,33.5,36658.19
Mikania micrantha,13.667755,100.429078,2022-03-30T18:01:55,2022-03-30,32.1,24.9,28.2,3.2,3.2,7.0,12.3,26.6,38758.5
Mikania micrantha,-1.26444,122.368918,2023-10-15T10:08,2023-10-15,30.0,21.8,25.4,2.7,2.7,12.0,10.9,30.6,39600.0
Mikania micrantha,18.785411,98.994389,2024-07-19T06:30,2024-07-19,29.0,24.0,26.1,38.2,38.2,19.0,10.9,22.0,26211.65
Mikania micrantha,19.923349,99.841489,2024-07-22T14:00,2024-07-22,29.0,23.8,25.8,19.5,19.5,18.0,7.6,23.8,36042.21
Mikania micrantha,18.638994,98.698436,2024-07-20T06:14,2024-07-20,29.3,23.8,25.8,5.4,5.4,16.0,4.9,20.2,29842.23
Mikania micrantha,19.332725,99.511992,2024-07-22T08:45,2024-07-22,27.6,22.5,24.7,21.1,21.1,16.0,7.6,29.5,32738.0
Mikania micrantha,18.628304,99.122524,2024-07-21T08:13,2024-07-21,31.5,24.7,27.2,3.4,3.4,3.0,7.1,23.4,21660.7
Mikania micrantha,5.432035,116.441355,2024-07-17T11:34:30,2024-07-17,25.4,17.7,20.5,7.8,7.8,12.0,6.9,32.0,28201.21
Mikania micrantha,14.485118,101.387451,2024-07-23T10:42:10,2024-07-23,28.6,23.6,25.1,4.0,4.0,10.0,19.2,51.1,16077.85
Mikania micrantha,-3.237654,126.568588,2024-06-28T18:32:11,2024-06-28,23.5,17.4,19.6,5.4,5.4,13.0,7.1,22.3,28752.18
Mikania micrantha,-8.366896,115.129944,2024-05-30T14:08,2024-05-30,25.0,21.1,22.6,8.6,8.6,17.0,9.7,23.0,35325.42
Mikania micrantha,-8.573255,115.259295,2024-06-06T11:59:59,2024-06-06,28.1,23.2,25.1,7.0,7.0,22.0,19.6,39.2,37039.12
Mikania micrantha,4.5,101.4,1979-01-01,1979-01-01,21.5,14.3,17.8,1.4,1.4,9.0,7.0,32.8,38901.56
Mikania micrantha,2.9,101.55,1979-01-01,1979-01-01,30.8,23.3,27.3,1.5,1.5,3.0,8.3,25.6,39042.38
Mikania micrantha,16.872917,120.997567,2023-12-29T12:27:07,2023-12-29,22.8,16.5,19.3,1.7,1.7,8.0,8.4,24.8,36000.0
Mikania micrantha,8.083823,98.291272,2024-03-22,2024-03-22,35.2,25.5,29.3,0.0,0.0,0.0,15.9,40.3,39868.45
Mikania micrantha,6.856317,101.252442,2022-09-24T09:53:28,2022-09-24,32.4,24.2,27.7,1.4,1.4,6.0,16.4,37.1,40567.32
Mikania micrantha,10.713303,99.317604,2024-03-25T17:09:10,2024-03-25,33.0,26.4,29.3,0.0,0.0,0.0,17.7,36.0,39600.0
Mikania micrantha,-8.423565,115.310833,2023-09-27T16:46:33,2023-09-27,26.6,19.6,22.5,0.1,0.1,1.0,13.8,36.4,41276.39
Mikania micrantha,-8.504183,115.256488,2023-09-29T12:27:23,2023-09-29,29.7,20.2,24.6,0.3,0.3,3.0,11.3,31.3,41332.45
Mikania micrantha,13.696154,100.565824,2024-03-10T09:06:14,2024-03-10,33.0,27.8,29.9,0.1,0.1,1.0,17.3,32.8,39600.0
Mikania micrantha,13.737906,100.804378,2024-03-16T11:43:53,2024-03-16,33.4,27.1,29.7,1.2,1.2,6.0,17.7,38.9,39600.0
Mikania micrantha,12.557633,101.451911,2024-02-20T07:15,2024-02-20,31.3,27.4,29.0,0.2,0.2,2.0,15.7,37.1,39600.0
Mikania micrantha,-8.567134,116.23309,2023-12-25T12:14:11,2023-12-25,30.8,22.8,25.5,46.5,46.5,15.0,6.6,24.5,29522.78
Mikania micrantha,8.047542,98.81218,2023-11-17T23:04,2023-11-17,29.3,23.1,25.6,5.2,5.2,8.0,19.6,49.7,25340.55
Mikania micrantha,-8.339517,116.218362,2024-01-01T11:59:10,2024-01-01,28.9,25.9,27.3,10.5,10.5,13.0,9.9,27.4,40901.11
Mikania micrantha,1.453255,103.900618,2023-11-04T09:50:30,2023-11-04,30.5,23.4,26.8,11.4,11.4,7.0,10.2,23.4,30119.87
Mikania micrantha,-0.727043,120.032564,2023-12-21T09:32,2023-12-21,27.8,19.8,23.1,0.1,0.1,1.0,5.0,21.2,34067.55
Mikania micrantha,-0.726678,120.009168,2023-12-21T08:28,2023-12-21,26.4,18.4,21.7,0.1,0.1,1.0,5.0,21.2,34067.55
Mikania micrantha,-0.72665,120.009201,2023-12-21T08:22,2023-12-21,26.6,18.6,21.9,0.1,0.1,1.0,5.0,21.2,34067.55
Mikania micrantha,1.690377,109.846007,2023-05-03T09:49,2023-05-03,30.0,24.2,26.6,2.5,2.5,5.0,7.9,26.3,37359.86
Mikania micrantha,7.913462,98.294553,2024-01-09T08:54,2024-01-09,30.9,24.4,26.9,5.7,5.7,5.0,13.0,31.0,35711.89
Mikania micrantha,5.357392,100.30687,2023-08-26T09:46:04,2023-08-26,28.1,22.7,25.6,10.0,10.0,14.0,12.1,32.0,39600.0
Mikania micrantha,7.913908,98.295137,2024-01-09T08:56,2024-01-09,30.9,24.4,26.9,5.7,5.7,5.0,13.0,31.0,35711.89
Mikania micrantha,2.941727,101.694198,2023-11-12T10:46:30,2023-11-12,30.6,24.0,26.9,4.6,4.6,10.0,13.9,25.2,37285.94
Mikania micrantha,3.180145,101.706493,2024-01-04T09:59:51,2024-01-04,30.6,24.1,26.1,37.9,37.9,11.0,9.1,25.9,28800.0
Mikania micrantha,12.989436,101.150915,2024-01-09T09:06:06,2024-01-09,34.1,22.0,27.3,0.0,0.0,0.0,18.6,36.7,38392.79
Mikania micrantha,14.510946,121.034203,2023-05-30T17:10:37,2023-05-30,33.0,26.6,29.3,3.9,3.9,13.0,36.6,65.5,43110.14
Mikania micrantha,7.785581,98.329217,2023-12-09T16:58,2023-12-09,30.3,25.4,27.4,8.3,8.3,8.0,13.9,30.6,36000.0
Mikania micrantha,-8.68502,115.156822,2023-08-19T09:59:45,2023-08-19,27.5,20.9,24.1,0.3,0.3,3.0,22.7,47.5,39458.18
Mikania micrantha,13.908613,100.480138,2023-12-06T13:18,2023-12-06,33.2,23.8,28.0,23.1,23.1,6.0,20.2,36.0,36495.36
Mikania micrantha,3.145636,101.688399,2023-12-08T14:21:04,2023-12-08,32.6,23.5,27.0,1.2,1.2,8.0,11.5,22.0,38319.46
Mikania micrantha,8.700842,98.244417,2023-12-19T16:30:06,2023-12-19,31.8,24.2,27.1,0.2,0.2,2.0,12.9,35.6,39011.66
Mikania micrantha,18.183898,97.934987,2023-11-30,2023-11-30,31.6,19.8,24.9,0.0,0.0,0.0,10.2,25.2,28377.06
Mikania micrantha,7.779792,98.323503,2023-12-14T10:57,2023-12-14,30.0,25.8,27.6,2.0,2.0,8.0,21.1,47.5,38949.52
Mikania micrantha,19.291051,97.959406,2023-11-30,2023-11-30,31.1,18.3,24.3,0.0,0.0,0.0,6.9,21.2,35736.26
Mikania micrantha,12.825111,99.365153,2023-11-17T11:44,2023-11-17,20.1,17.0,18.5,9.1,9.1,15.0,23.5,64.4,14756.87
Mikania micrantha,14.65098,121.041949,2023-11-24T17:16:27,2023-11-24,31.4,24.2,27.5,1.1,1.1,7.0,11.8,36.7,37717.23
Mikania micrantha,12.98709,99.735094,2023-02-17T18:09:27,2023-02-17,28.0,22.1,24.9,0.0,0.0,0.0,16.3,32.8,24832.68
Mikania micrantha,19.367092,98.977651,2023-02-12T15:27:03,2023-02-12,32.5,14.3,23.1,0.0,0.0,0.0,5.9,21.2,38618.56
Mikania micrantha,2.941202,101.670218,2023-09-22T09:52:09,2023-09-22,28.0,22.8,25.0,15.0,15.0,14.0,14.9,28.8,4887.47
Mikania micrantha,13.84425,100.677392,2023-04-11T13:24:51,2023-04-11,35.9,28.1,30.8,7.4,7.4,2.0,15.9,29.9,40705.31
Mikania micrantha,14.639055,121.076045,2023-03-03T13:37:49,2023-03-03,29.0,20.6,24.5,0.0,0.0,0.0,17.0,36.7,39023.74
Mikania micrantha,14.366908,101.405433,2023-10-29T07:33:28,2023-10-29,23.4,18.1,19.8,1.4,1.4,6.0,9.2,32.0,29498.04
Mikania micrantha,2.928044,101.700523,2023-05-25T17:10:22,2023-05-25,31.4,24.4,27.8,0.7,0.7,4.0,9.9,23.4,38538.37
Mikania micrantha,7.041003,122.012772,2023-10-22T08:07,2023-10-22,23.9,18.7,20.8,21.4,21.4,17.0,7.2,24.5,29407.53
Mikania micrantha,6.050667,116.45565,2023-10-16T14:16,2023-10-16,26.5,19.6,22.8,2.7,2.7,5.0,11.5,30.6,28800.0
Mikania micrantha,13.908779,100.479623,2023-12-08T12:22,2023-12-08,31.4,22.9,26.9,0.0,0.0,0.0,7.2,17.6,37258.94
Mikania micrantha,18.745232,98.908284,2023-11-21,2023-11-21,27.0,17.5,21.9,0.0,0.0,0.0,8.6,25.6,37092.48
Mikania micrantha,8.909558,98.525658,2022-12-25T12:41,2022-12-25,29.1,22.9,25.3,0.0,0.0,0.0,21.3,53.3,39131.65
Mikania micrantha,10.398759,123.919735,2023-02-28T14:57,2023-02-28,28.6,24.2,26.1,1.7,1.7,10.0,23.8,46.1,40423.96
Mikania micrantha,1.454661,103.901131,2023-11-04T09:49:42,2023-11-04,30.5,23.4,26.8,11.4,11.4,7.0,10.2,23.4,30119.87
Mikania micrantha,1.572022,110.299717,2023-04-29T14:43:25,2023-04-29,31.1,24.0,26.4,3.9,3.9,12.0,9.0,22.3,38480.44
Mikania micrantha,2.882906,101.793114,2023-05-26T10:12,2023-05-26,31.5,23.9,26.7,11.7,11.7,10.0,12.7,25.6,31083.99
Mikania micrantha,7.778287,98.297731,2023-12-04T16:14:14,2023-12-04,29.2,25.4,26.9,1.1,1.1,9.0,20.8,45.4,35865.13
Mikania micrantha,6.856422,101.25245,2023-11-28T14:36:12,2023-11-28,28.0,23.0,25.5,22.6,22.6,18.0,23.4,46.8,19353.06
Mikania micrantha,18.779392,99.032564,2023-05-01T13:41:58,2023-05-01,33.5,24.6,28.4,0.3,0.3,1.0,10.8,30.6,41294.42
Mikania micrantha,-7.691079,110.244092,2023-11-12T16:56,2023-11-12,28.5,21.9,24.3,13.7,13.7,14.0,10.0,24.5,20152.0
Mikania micrantha,2.959028,101.666274,2023-10-16T17:22:08,2023-10-16,28.3,24.0,25.7,34.2,34.2,13.0,9.7,23.8,3073.68
Mikania micrantha,13.450295,99.944062,2023-10-13T17:34:55,2023-10-13,32.2,24.2,27.7,2.5,2.5,5.0,10.9,22.7,36523.2
Mikania micrantha,2.938159,101.723139,2023-10-10T17:38:44,2023-10-10,29.5,23.4,25.9,61.9,61.9,13.0,15.1,25.2,24834.24
Mikania micrantha,7.781075,98.309953,2023-09-13T01:18,2023-09-13,29.8,26.7,28.1,2.5,2.5,9.0,14.7,35.3,37763.02
Mikania micrantha,0.73415,127.80365,2022-09-14T15:48:57,2022-09-14,29.5,23.1,25.3,14.3,14.3,10.0,7.9,21.2,32052.61
Mikania micrantha,5.357412,100.3069,2023-08-26T09:40:35,2023-08-26,28.1,22.7,25.6,10.0,10.0,14.0,12.1,32.0,39600.0
Mikania micrantha,5.807213,101.822118,2023-08-03T12:05:59,2023-08-03,30.4,22.2,25.6,6.8,6.8,7.0,6.9,20.5,17523.72
Mikania micrantha,-1.95,103.25,2017/2018,2017-01-01,30.5,24.1,26.8,2.5,2.5,7.0,10.4,29.9,38229.16
Mikania micrantha,-8.499362,115.25148,2023-06-09T16:57:58,2023-06-09,28.1,22.1,24.7,0.3,0.3,3.0,11.5,29.2,35727.73
Mikania micrantha,-6.909843,107.862056,2023-06-18T13:22,2023-06-18,25.5,18.1,21.1,6.0,6.0,8.0,9.9,24.5,35658.46
Mikania micrantha,2.970079,101.695107,2023-05-18T15:27:35,2023-05-18,31.0,24.5,27.3,9.9,9.9,7.0,17.8,33.1,33441.82
Mikania micrantha,-8.49456,115.259392,2023-06-18T17:36:28,2023-06-18,28.9,20.8,24.3,0.0,0.0,0.0,12.9,32.0,38805.78
Mikania micrantha,14.510963,121.034264,2023-06-01T16:02:07,2023-06-01,32.1,26.4,29.1,3.9,3.9,9.0,30.2,54.0,43146.3
Mikania micrantha,3.294732,101.73078,2023-05-19T08:43:28,2023-05-19,30.2,23.6,26.7,0.6,0.6,3.0,16.3,32.4,33715.72
Mikania micrantha,3.036958,101.697186,2023-05-05T11:35:27,2023-05-05,31.4,24.4,27.4,10.5,10.5,14.0,14.2,28.4,33048.99
Mikania micrantha,3.294763,101.73082,2023-05-19T08:44:50,2023-05-19,30.9,24.4,27.4,0.6,0.6,3.0,16.3,32.4,33715.72
Mikania micrantha,14.604808,121.26243,2021-01-15T11:58:27,2021-01-15,28.7,21.9,24.9,0.0,0.0,0.0,15.6,36.4,36099.77
Mikania micrantha,12.045,102.376,2023-02-15,2023-02-15,26.5,22.1,24.8,16.9,16.9,10.0,15.0,40.3,23084.07
Mikania micrantha,19.175,99.033,2019-12-18,2019-12-18,30.4,15.9,22.5,0.0,0.0,0.0,9.3,22.0,36201.63
Mikania micrantha,2.923183,101.703012,2023-05-31T15:13:13,2023-05-31,32.4,24.2,28.3,2.8,2.8,5.0,11.2,25.2,38836.23
Mikania micrantha,3.292942,101.73008,2023-05-26T09:42:06,2023-05-26,30.0,22.8,26.1,4.1,4.1,8.0,15.7,32.8,32389.96
Mikania micrantha,2.962144,101.695654,2023-05-25T10:27:03,2023-05-25,32.0,24.6,28.1,0.1,0.1,1.0,11.6,26.3,38481.23
Mikania micrantha,-3.780567,115.437698,2023-05-24T13:53,2023-05-24,29.8,24.4,27.2,3.8,3.8,8.0,11.1,26.6,39554.6
Mikania micrantha,2.896636,101.664212,2023-05-30T13:36:34,2023-05-30,33.5,25.0,29.1,0.0,0.0,0.0,11.4,24.8,41354.95
Mikania micrantha,3.037143,101.697057,2023-05-05T11:38:45,2023-05-05,31.4,24.4,27.4,10.5,10.5,14.0,14.2,28.4,33048.99
Mikania micrantha,3.173353,101.502078,2023-04-29T13:59:42,2023-04-29,31.0,23.9,26.5,6.4,6.4,13.0,10.4,20.5,28214.99
Mikania micrantha,3.173347,101.502144,2023-04-29T14:00:23,2023-04-29,31.0,23.9,26.5,6.4,6.4,13.0,10.4,20.5,28214.99
Mikania micrantha,13.413133,99.948953,2023-04-28T09:33:35,2023-04-28,34.3,25.7,30.1,1.3,1.3,2.0,18.4,34.9,41890.41
Mikania micrantha,-6.886115,107.766225,2023-04-26T13:29,2023-04-26,24.6,17.4,20.8,11.4,11.4,10.0,7.2,26.6,18520.5
Mikania micrantha,5.877157,117.94323,2023-04-05T07:26,2023-04-05,31.0,22.9,26.5,2.0,2.0,8.0,10.1,28.4,39395.69
Mikania micrantha,5.946763,116.046915,2023-04-05T17:07,2023-04-05,29.9,24.4,26.9,0.8,0.8,4.0,8.2,22.7,36000.0
Mikania micrantha,5.877157,117.94323,2023-04-05T07:25,2023-04-05,31.0,22.9,26.5,2.0,2.0,8.0,10.1,28.4,39395.69
Mikania micrantha,5.817983,116.342532,2023-03-30T11:15,2023-03-30,19.0,11.3,14.8,13.1,13.1,15.0,8.4,34.9,31779.54
Mikania micrantha,5.871213,117.942327,2023-04-04T08:25,2023-04-04,31.4,22.9,26.1,0.4,0.4,4.0,10.4,28.4,38572.57
Mikania micrantha,-8.257625,115.074836,2022-12-03T15:12:04,2022-12-03,22.5,17.4,19.2,16.6,16.6,12.0,6.8,24.1,23461.5
Mikania micrantha,10.268467,122.844612,2023-04-05T07:57:39,2023-04-05,32.0,23.7,27.4,0.1,0.1,1.0,21.3,38.5,41668.91
Mikania micrantha,10.675894,122.949532,2023-04-08T16:55:46,2023-04-08,32.6,25.5,28.2,0.8,0.8,4.0,27.2,50.0,41786.8
Mikania micrantha,6.856437,101.252472,2023-03-21T15:11:20,2023-03-21,33.5,24.0,28.1,0.6,0.6,4.0,21.2,41.4,39950.02
Mikania micrantha,14.593972,120.96952,2022-12-26T10:36:21,2022-12-26,27.7,21.8,24.4,0.0,0.0,0.0,15.5,32.4,27973.13
Mikania micrantha,7.12575,100.556183,2023-03-18T07:01:36,2023-03-18,29.9,24.2,27.0,0.0,0.0,0.0,19.2,41.8,39790.88
Mikania micrantha,13.18,101.0,2009,2009-01-01,26.6,21.8,24.0,0.0,0.0,0.0,23.9,43.9,11686.22
Mikania micrantha,13.18,101.0,2009,2009-01-01,26.6,21.8,24.0,0.0,0.0,0.0,23.9,43.9,11686.22
Mikania micrantha,12.86705,99.666124,2023-02-17T18:05:39,2023-02-17,27.4,21.1,24.2,0.0,0.0,0.0,16.6,33.1,24479.98
Mikania micrantha,8.089089,98.303539,2023-02-03T11:36:49,2023-02-03,27.2,24.9,25.8,4.0,4.0,11.0,13.7,36.0,20749.3
Mikania micrantha,6.856437,101.252472,2023-01-17T06:52:36,2023-01-17,29.9,22.0,25.7,0.5,0.5,3.0,18.8,36.4,39397.85
Mikania micrantha,-6.76788,108.456057,2020-08-01T08:54,2020-08-01,34.5,19.2,26.7,0.0,0.0,0.0,18.8,44.6,39757.32
Mikania micrantha,1.461247,103.643905,2021-12-24T08:22:57,2021-12-24,28.1,23.5,25.4,9.4,9.4,9.0,12.5,23.8,24227.58
Mikania micrantha,13.700287,100.557246,2023-01-10T14:13:49,2023-01-10,32.1,24.5,27.3,2.7,2.7,2.0,13.8,32.4,33415.41
Mikania micrantha,7.761322,98.770773,2022-12-22T16:09:12,2022-12-22,28.4,25.7,26.9,0.0,0.0,0.0,18.1,23.8,38490.01
Mikania micrantha,18.141569,100.129327,2022-12-26T14:55:30,2022-12-26,28.6,15.9,22.3,0.0,0.0,0.0,9.2,24.1,36585.0
Mikania micrantha,10.34212,123.914487,2022-09-20T08:25:18.489Z,2022-09-20,31.1,26.2,28.3,0.8,0.8,1.0,15.0,29.9,39600.0
Mikania micrantha,9.432587,99.979088,2022-12-01T09:40:49,2022-12-01,28.2,24.2,26.2,1.4,1.4,7.0,10.6,31.3,37602.0
Mikania micrantha,14.438715,101.371264,2022-11-21T08:25,2022-11-21,25.3,19.6,22.0,0.3,0.3,2.0,22.6,52.9,23020.52
Mikania micrantha,17.543339,99.54815,2022-11-19T09:40:47,2022-11-19,30.8,22.9,26.1,0.0,0.0,0.0,10.8,25.6,36492.77
Mikania micrantha,6.943737,100.863303,2022-11-12T11:01:48,2022-11-12,28.6,24.0,26.5,21.1,21.1,13.0,21.1,45.4,34450.18
Mikania micrantha,16.401673,120.56885,2021-07-02T08:36:03.045Z,2021-07-02,23.8,17.0,20.1,28.8,28.8,17.0,10.6,33.1,43200.0
Mikania micrantha,3.162147,101.762797,2020-03-30T04:37:26.427Z,2020-03-30,30.0,24.0,26.9,7.3,7.3,16.0,9.5,25.2,39649.09
Mikania micrantha,14.174617,120.928163,2022-07-15T08:55:46.274Z,2022-07-15,29.7,22.9,25.7,5.8,5.8,9.0,8.7,23.4,39345.24
Mikania micrantha,8.555023,125.944102,2021-07-28T04:15:15.791Z,2021-07-28,33.3,25.5,28.2,5.2,5.2,2.0,12.7,30.6,40741.65
Mikania micrantha,7.614439,125.002525,2021-09-04T10:28:42.334Z,2021-09-04,30.0,22.0,25.2,19.2,19.2,13.0,11.2,25.9,36737.12
Mikania micrantha,8.555023,125.944102,2021-07-28T04:14:07.834Z,2021-07-28,33.3,25.5,28.2,5.2,5.2,2.0,12.7,30.6,40741.65
Mikania micrantha,3.162147,101.762797,2020-03-30T04:45:07.981Z,2020-03-30,30.0,24.0,26.9,7.3,7.3,16.0,9.5,25.2,39649.09
Mikania micrantha,7.804195,125.017105,2022-02-28T07:42:36.384Z,2022-02-28,30.3,22.7,25.7,1.1,1.1,5.0,22.8,44.3,38414.96
Mikania micrantha,3.256645,101.640754,2020-01-28T09:39:01.998Z,2020-01-28,29.6,23.8,26.2,16.0,16.0,19.0,9.3,24.1,28800.0
Mikania micrantha,3.162147,101.762797,2020-03-30T04:50:32.888Z,2020-03-30,30.0,24.0,26.9,7.3,7.3,16.0,9.5,25.2,39649.09
Mikania micrantha,3.226211,101.7786,2022-10-08T13:08:29,2022-10-08,28.5,23.0,25.6,0.5,0.5,2.0,5.9,16.2,8982.88
Mikania micrantha,-6.581376,107.745949,2022-08-15T12:17:50,2022-08-15,31.5,22.1,26.0,3.8,3.8,4.0,10.5,23.0,35829.52
Mikania micrantha,3.161258,101.747189,2022-09-20,2022-09-20,30.0,23.0,26.8,8.2,8.2,8.0,10.8,25.2,31009.21
Mikania micrantha,6.856428,101.252495,2022-09-21T07:34:55,2022-09-21,31.9,24.6,27.4,7.6,7.6,5.0,25.9,49.0,38962.73
Mikania micrantha,1.203714,111.467377,2022-09-11T07:43:15,2022-09-11,30.6,21.9,24.8,20.2,20.2,14.0,9.3,23.8,28800.0
Mikania micrantha,13.768967,100.625563,2022-04-13T16:10,2022-04-13,35.3,27.0,30.4,1.1,1.1,4.0,19.7,39.2,40828.41
Mikania micrantha,3.161247,101.746997,2022-08-12T18:00,2022-08-12,32.5,23.5,27.5,4.1,4.1,5.0,14.7,31.0,37586.69
Mikania micrantha,6.852575,101.243793,2022-08-13T14:21:15,2022-08-13,31.4,23.6,27.2,5.1,5.1,5.0,12.0,25.9,41026.97
Mikania micrantha,-7.627512,110.408646,2019-05-12T08:26:12,2019-05-12,26.4,20.8,22.7,4.4,4.4,13.0,10.0,24.8,39456.32
Mikania micrantha,-7.797377,110.420042,2022-07-17T11:53,2022-07-17,30.0,22.1,25.6,0.1,0.1,1.0,9.1,20.5,22419.69
Mikania micrantha,16.462765,102.810373,2018-11-10T18:24,2018-11-10,29.5,23.4,25.7,6.6,6.6,8.0,13.0,28.1,20316.73
Mikania micrantha,5.786031,101.715587,2022-06-01T12:31:49,2022-06-01,30.3,23.6,26.2,9.5,9.5,7.0,7.8,27.4,29290.0
Mikania micrantha,17.212778,99.830278,2008-04-14,2008-04-14,36.3,27.3,31.3,0.5,0.5,1.0,13.8,30.6,41436.55
Mikania micrantha,3.100121,101.619105,2022-04-30T14:17:15,2022-04-30,31.4,23.3,27.1,8.6,8.6,13.0,10.9,23.0,33735.16
Mikania micrantha,7.189718,125.428603,2022-05-02T10:46,2022-05-02,25.5,22.4,23.4,25.0,25.0,19.0,8.4,22.0,9222.21
Mikania micrantha,7.192658,125.42782,2022-05-01T20:35,2022-05-01,26.1,22.5,23.9,9.3,9.3,10.0,8.8,28.8,18745.56
Mikania micrantha,-7.705123,110.42792,2022-04-05T11:02:59,2022-04-05,27.9,21.4,23.9,6.6,6.6,11.0,10.3,25.2,36478.46
Mikania micrantha,3.0517,101.751962,2022-02-05T11:06:39,2022-02-05,31.1,24.0,26.6,12.3,12.3,6.0,13.2,26.6,28756.9
Mikania micrantha,1.492659,103.741359,2021-05-03T04:46Z,2021-05-03,29.7,24.6,26.7,5.2,5.2,11.0,15.8,31.3,26161.76
Mikania micrantha,14.725603,101.190285,2022-01-24T12:04:14,2022-01-24,30.7,20.0,24.6,0.0,0.0,0.0,8.2,17.3,38475.67
Mikania micrantha,-6.66761,106.750356,2021-09-26T07:25:35Z,2021-09-26,26.4,20.2,22.5,9.9,9.9,11.0,13.9,61.2,35957.44
Mikania micrantha,18.792744,99.103473,2021-10-29T08:29:21,2021-10-29,29.4,21.9,25.2,2.5,2.5,8.0,9.4,22.0,35163.32
Mikania micrantha,-7.346613,108.230894,2021-06-24T16:30:29,2021-06-24,26.6,21.4,23.4,4.6,4.6,7.0,7.8,27.4,20340.82
Mikania micrantha,5.365834,100.535942,2021-07-30T07:45:10,2021-07-30,30.7,24.4,26.6,1.8,1.8,6.0,12.1,26.6,23722.05
Mikania micrantha,-3.435433,114.7265,2021-12-15T10:22,2021-12-15,28.0,23.3,25.2,19.8,19.8,16.0,10.5,27.4,22686.12
Mikania micrantha,7.816211,126.157643,2021-12-02T16:01Z,2021-12-02,27.5,21.4,23.9,1.6,1.6,5.0,9.7,27.0,39236.05
Mikania micrantha,12.958779,124.044072,2021-12-05T07:23:56,2021-12-05,27.2,22.5,25.0,11.5,11.5,16.0,25.1,50.8,38360.31
Mikania micrantha,7.089606,125.444232,2021-03-09T11:59:52,2021-03-09,28.5,22.2,24.1,13.7,13.7,10.0,14.9,41.0,27601.29
Mikania micrantha,3.109427,101.380562,2021-09-30T16:26:41,2021-09-30,27.0,23.6,25.3,9.1,9.1,13.0,14.4,28.4,11678.18
Mikania micrantha,6.892714,125.338181,2021-07-14T12:26,2021-07-14,24.5,19.2,21.5,3.0,3.0,7.0,9.9,30.6,39745.02
Mikania micrantha,6.892728,125.338189,2021-07-14T12:26,2021-07-14,24.5,19.2,21.5,3.0,3.0,7.0,9.9,30.6,39745.02
Mikania micrantha,-6.931416,107.770813,2021-06-11T13:42,2021-06-11,26.5,19.0,22.6,7.7,7.7,15.0,9.2,24.5,38509.54
Mikania micrantha,-7.350915,108.22541,2020-10-17T09:29:38,2020-10-17,27.5,21.6,23.8,4.8,4.8,21.0,9.4,23.8,36023.42
Mikania micrantha,1.675669,125.119576,2018-02-01T21:21,2018-02-01,29.6,23.1,26.1,1.2,1.2,2.0,17.3,38.2,40353.47
Mikania micrantha,1.280219,103.510208,2021-05-02T12:00Z,2021-05-02,30.9,24.2,27.5,1.7,1.7,12.0,13.5,32.0,41303.48
Mikania micrantha,7.191346,125.427015,2021-05-01T14:50,2021-05-01,28.5,21.7,24.5,10.7,10.7,13.0,7.8,25.9,36068.01
Mikania micrantha,1.280187,103.510155,2021-05-02T12:01:12,2021-05-02,30.9,24.2,27.5,1.7,1.7,12.0,13.5,32.0,41303.48
Mikania micrantha,3.116969,101.52356,2021-04-30T09:14Z,2021-04-30,30.1,23.4,25.8,21.9,21.9,14.0,11.8,24.8,17240.73
Mikania micrantha,7.192124,125.455341,2021-05-03,2021-05-03,30.4,23.2,26.8,2.6,2.6,13.0,9.4,29.5,37422.32
Mikania micrantha,3.120527,101.649143,2021-04-30T11:26,2021-04-30,30.3,23.4,25.9,14.9,14.9,15.0,10.1,22.3,16254.79
Mikania micrantha,-7.707332,110.334713,2021-05-02T16:52:05,2021-05-02,30.9,22.5,26.4,1.2,1.2,6.0,8.4,21.2,39489.33
Mikania micrantha,5.355514,100.295938,2021-03-22T11:33:03,2021-03-22,30.8,25.2,27.9,4.3,4.3,15.0,13.8,41.0,39707.32
Mikania micrantha,11.947371,121.941445,2021-02-22T16:33:02,2021-02-22,25.6,23.5,24.6,25.3,25.3,21.0,24.0,56.5,20331.36
Mikania micrantha,4.262913,101.929948,2021-01-31T17:51:45,2021-01-31,29.4,20.8,24.3,3.1,3.1,6.0,8.3,22.3,36000.0
Mikania micrantha,-6.944396,108.317833,2021-01-18T17:04:15,2021-01-18,22.7,19.2,20.6,19.1,19.1,17.0,15.3,35.3,17997.04
Mikania micrantha,-6.83674,107.948801,2021-01-20T18:19:34,2021-01-20,25.7,21.2,22.5,10.2,10.2,15.0,14.0,53.6,19291.11
Mikania micrantha,13.702403,100.502813,2018-03-13T07:56:27,2018-03-13,32.3,24.1,28.2,1.3,1.3,2.0,14.1,23.8,39600.0
Mikania micrantha,7.152787,125.623931,2020-11-23T14:27:15,2020-11-23,30.6,23.8,26.3,4.0,4.0,7.0,12.9,29.5,39325.62
Mikania micrantha,-7.615208,110.430614,2020-10-24T08:34,2020-10-24,26.2,20.2,22.6,20.2,20.2,16.0,10.8,26.3,38618.87
Mikania micrantha,-7.075004,109.697533,2020-10-28T11:55,2020-10-28,27.5,19.8,23.8,12.4,12.4,9.0,11.3,31.3,33442.77
Mikania micrantha,1.843854,102.948062,2020-10-10T13:16Z,2020-10-10,29.0,24.8,26.8,4.7,4.7,9.0,12.3,35.3,32990.84
Mikania micrantha,8.047966,124.97271,2015-04-22T15:28,2015-04-22,26.1,17.5,21.2,0.6,0.6,5.0,12.4,43.9,39928.17
Mikania micrantha,3.12164,101.653252,2019-04-26T15:46,2019-04-26,29.9,24.6,26.8,19.1,19.1,22.0,12.7,28.8,28462.38
Mikania micrantha,3.037571,101.793317,2018-04-27T09:42:37,2018-04-27,31.0,23.5,26.4,5.5,5.5,7.0,10.6,31.0,22273.39
Mikania micrantha,3.037063,101.580648,2019-04-27T08:38:21,2019-04-27,30.8,24.4,27.1,2.0,2.0,11.0,16.8,33.8,30951.63
Mikania micrantha,6.217691,100.615132,2020-06-10T09:39:38,2020-06-10,30.0,24.5,27.1,3.3,3.3,6.0,8.9,23.0,15829.7
Mikania micrantha,-7.641263,110.125546,2020-08-17T14:42,2020-08-17,26.8,18.9,22.1,0.7,0.7,5.0,12.5,32.0,39220.45
Mikania micrantha,-8.638056,115.175,2012-02-17,2012-02-17,28.2,24.4,26.2,1.1,1.1,6.0,11.1,29.9,40338.9
Mikania micrantha,-6.38004,107.5034,2013-09-03,2013-09-03,32.1,22.4,27.0,1.8,1.8,5.0,11.7,29.2,39221.55
Mikania micrantha,-7.811533,110.418359,2020-07-24T06:17,2020-07-24,31.2,20.5,25.3,0.0,0.0,0.0,24.0,44.3,38750.75
Mikania micrantha,-7.812509,110.418661,2020-07-13T06:35,2020-07-13,32.2,22.0,26.4,0.2,0.2,2.0,18.9,36.4,38425.23
Mikania micrantha,-7.811348,110.4189,2020-07-17T06:36,2020-07-17,32.0,21.9,26.2,0.1,0.1,1.0,18.1,37.8,38711.9
Mikania micrantha,4.817453,101.087349,2020-07-16T11:56:57,2020-07-16,29.3,22.1,25.2,12.6,12.6,9.0,7.3,25.2,32224.61
Mikania micrantha,-7.604934,110.394137,2020-06-14T10:02,2020-06-14,24.7,19.0,21.8,18.4,18.4,15.0,10.5,26.3,27345.71
Mikania micrantha,-0.9599,100.4521,2004-12-17,2004-12-17,29.4,22.6,25.4,8.1,8.1,7.0,5.3,28.1,34314.1
Mikania micrantha,-0.9599,100.4521,2002-05-04,2002-05-04,26.6,23.9,25.4,24.3,24.3,21.0,4.7,23.8,20839.74
Mikania micrantha,-0.9599,100.4521,2003-05-24,2003-05-24,28.9,22.6,26.1,0.2,0.2,2.0,7.1,22.3,40891.29
Mikania micrantha,-0.9599,100.4521,2004-12-17,2004-12-17,29.4,22.6,25.4,8.1,8.1,7.0,5.3,28.1,34314.1
Mikania micrantha,-0.9599,100.4521,2008-05-24,2008-05-24,27.5,22.4,24.4,26.7,26.7,19.0,6.3,27.0,27572.31
Mikania micrantha,-0.8895,100.5206,2005-05-05,2005-05-05,20.8,16.5,18.2,5.4,5.4,15.0,8.3,24.5,29193.89
Mikania micrantha,-0.9599,100.4521,2003-05-24,2003-05-24,28.9,22.6,26.1,0.2,0.2,2.0,7.1,22.3,40891.29
Mikania micrantha,-0.9599,100.4521,2003-05-24,2003-05-24,28.9,22.6,26.1,0.2,0.2,2.0,7.1,22.3,40891.29
Mikania micrantha,-1.03,100.4,2001-03-24,2001-03-24,28.8,22.8,26.2,1.3,1.3,2.0,9.1,31.0,35564.92
Mikania micrantha,-0.9599,100.4521,2002-05-04,2002-05-04,26.6,23.9,25.4,24.3,24.3,21.0,4.7,23.8,20839.74
Mikania micrantha,-0.9599,100.4521,1993-05-15,1993-05-15,27.2,23.2,24.9,15.4,15.4,12.0,7.9,22.7,30209.84
Mikania micrantha,-0.9599,100.4521,1994-05-01,1994-05-01,28.5,23.7,26.2,10.6,10.6,15.0,5.1,21.6,34824.04
Mikania micrantha,-0.9599,100.4521,1993-05-16,1993-05-16,26.7,22.6,24.3,11.6,11.6,11.0,9.6,31.0,30736.08
Mikania micrantha,-0.8895,100.5206,2008-04-26,2008-04-26,22.5,15.2,18.7,0.0,0.0,0.0,7.2,20.9,40803.08
Mikania micrantha,-0.9599,100.4521,1993-03-15,1993-03-15,24.7,22.3,23.4,20.1,20.1,24.0,13.3,51.8,7662.64
Mikania micrantha,-0.9599,100.4521,1993-05-15,1993-05-15,27.2,23.2,24.9,15.4,15.4,12.0,7.9,22.7,30209.84
Mikania micrantha,-0.8895,100.5206,2003-05-03,2003-05-03,20.8,16.7,18.1,10.9,10.9,22.0,5.5,20.2,16072.96
Mikania micrantha,-0.9599,100.4521,2003-05-24,2003-05-24,28.9,22.6,26.1,0.2,0.2,2.0,7.1,22.3,40891.29
Mikania micrantha,-0.9599,100.4521,2003-05-24,2003-05-24,28.9,22.6,26.1,0.2,0.2,2.0,7.1,22.3,40891.29
Mikania micrantha,-0.9599,100.4521,2004-12-17,2004-12-17,29.4,22.6,25.4,8.1,8.1,7.0,5.3,28.1,34314.1
Mikania micrantha,-0.55,100.33,1994-11-25,1994-11-25,27.9,21.7,24.6,13.5,13.5,18.0,4.3,30.6,30054.45
Mikania micrantha,-0.55,100.33,1991-11-10,1991-11-10,27.1,21.7,23.8,4.0,4.0,11.0,10.4,35.3,25589.48
Mikania micrantha,-0.55,100.33,1987-03-28,1987-03-28,28.7,22.9,25.2,20.6,20.6,15.0,4.8,24.8,31675.68
Mikania micrantha,-0.55,100.33,1988-03-15,1988-03-15,29.9,23.8,25.9,15.6,15.6,21.0,6.9,27.7,33216.07
Mikania micrantha,-1.03,100.4,2002-05-25,2002-05-25,28.1,24.7,26.5,11.3,11.3,15.0,6.6,24.5,38430.59
Mikania micrantha,-1.03,100.4,2001-03-24,2001-03-24,28.8,22.8,26.2,1.3,1.3,2.0,9.1,31.0,35564.92
Mikania micrantha,-0.55,100.33,1995-05-07,1995-05-07,27.6,23.2,25.3,24.8,24.8,16.0,5.9,26.3,22287.16
Mikania micrantha,-0.9599,100.4521,1993-05-15,1993-05-15,27.2,23.2,24.9,15.4,15.4,12.0,7.9,22.7,30209.84
Mikania micrantha,-0.55,100.33,1993-05-06,1993-05-06,25.9,23.7,24.7,38.6,38.6,24.0,4.3,13.3,0.0
Mikania micrantha,-0.8895,100.5206,1996-11-23,1996-11-23,21.1,15.8,17.6,4.1,4.1,16.0,8.0,21.2,22780.01
Mikania micrantha,-1.03,100.4,2002-05-25,2002-05-25,28.1,24.7,26.5,11.3,11.3,15.0,6.6,24.5,38430.59
Mikania micrantha,-1.03,100.4,2000-05-05,2000-05-05,28.4,24.4,26.3,1.1,1.1,7.0,6.5,20.5,33371.37
Mikania micrantha,-0.8895,100.5206,2005-04-24,2005-04-24,21.9,16.7,18.6,13.0,13.0,14.0,4.7,24.1,36687.51
Mikania micrantha,-1.03,100.4,2002-05-26,2002-05-26,29.5,23.1,26.3,5.4,5.4,11.0,5.4,20.9,26526.79
Mikania micrantha,-1.03,100.4,2002-05-25,2002-05-25,28.1,24.7,26.5,11.3,11.3,15.0,6.6,24.5,38430.59
Mikania micrantha,-1.03,100.4,2000-05-05,2000-05-05,28.4,24.4,26.3,1.1,1.1,7.0,6.5,20.5,33371.37
Mikania micrantha,-1.03,100.4,2000-05-05,2000-05-05,28.4,24.4,26.3,1.1,1.1,7.0,6.5,20.5,33371.37
Mikania micrantha,-1.03,100.4,2002-05-25,2002-05-25,28.1,24.7,26.5,11.3,11.3,15.0,6.6,24.5,38430.59
Mikania micrantha,-0.8895,100.5206,1997-11-25,1997-11-25,19.9,16.3,17.8,53.0,53.0,23.0,4.5,19.4,22613.3
Mikania micrantha,-0.55,100.33,1999-11-20,1999-11-20,27.8,22.3,24.1,8.7,8.7,14.0,6.9,26.3,23552.25
Mikania micrantha,-0.55,100.33,1999-11-20,1999-11-20,27.8,22.3,24.1,8.7,8.7,14.0,6.9,26.3,23552.25
Mikania micrantha,-0.55,100.33,1986-11-08,1986-11-08,27.2,22.4,24.8,0.1,0.1,1.0,7.3,27.7,21457.83
Mikania micrantha,-0.55,100.33,2019-11-03,2019-11-03,28.2,20.8,23.7,0.1,0.1,1.0,11.2,27.4,38746.67
Mikania micrantha,-0.55,100.33,1994-05-26,1994-05-26,29.6,23.0,25.6,4.5,4.5,8.0,8.7,28.4,26174.95
Mikania micrantha,-0.55,100.33,1994-11-26,1994-11-26,27.2,22.7,24.7,34.0,34.0,17.0,4.4,29.9,22380.29
Mikania micrantha,-0.55,100.33,1997-04-06,1997-04-06,30.1,22.8,25.4,18.6,18.6,11.0,5.4,31.7,34699.11
Mikania micrantha,-0.55,100.33,1997-04-06,1997-04-06,30.1,22.8,25.4,18.6,18.6,11.0,5.4,31.7,34699.11
Mikania micrantha,-0.55,100.33,1997-04-06,1997-04-06,30.1,22.8,25.4,18.6,18.6,11.0,5.4,31.7,34699.11
Mikania micrantha,-0.55,100.33,1995-05-07,1995-05-07,27.6,23.2,25.3,24.8,24.8,16.0,5.9,26.3,22287.16
Mikania micrantha,-0.55,100.33,1995-05-07,1995-05-07,27.6,23.2,25.3,24.8,24.8,16.0,5.9,26.3,22287.16
Mikania micrantha,-0.55,100.33,1995-05-07,1995-05-07,27.6,23.2,25.3,24.8,24.8,16.0,5.9,26.3,22287.16
Mikania micrantha,-0.55,100.33,1994-11-27,1994-11-27,26.7,22.6,24.2,35.6,35.6,16.0,6.5,31.3,31312.57
Mikania micrantha,-0.55,100.33,1995-05-06,1995-05-06,27.9,23.6,25.5,26.0,26.0,20.0,5.2,23.4,8420.82
Mikania micrantha,-0.55,100.33,1994-11-27,1994-11-27,26.7,22.6,24.2,35.6,35.6,16.0,6.5,31.3,31312.57
Mikania micrantha,-0.55,100.33,1991-11-09,1991-11-09,24.6,21.8,22.9,12.0,12.0,21.0,7.6,33.8,3770.32
Mikania micrantha,-0.55,100.33,1994-11-27,1994-11-27,26.7,22.6,24.2,35.6,35.6,16.0,6.5,31.3,31312.57
Mikania micrantha,-0.55,100.33,1995-05-06,1995-05-06,27.9,23.6,25.5,26.0,26.0,20.0,5.2,23.4,8420.82
Mikania micrantha,-0.55,100.33,1990-11-03,1990-11-03,30.0,22.9,26.0,1.6,1.6,3.0,6.9,25.2,30880.04
Mikania micrantha,-0.9599,100.4521,2004-12-17,2004-12-17,29.4,22.6,25.4,8.1,8.1,7.0,5.3,28.1,34314.1
Mikania micrantha,-0.9599,100.4521,1993-05-15,1993-05-15,27.2,23.2,24.9,15.4,15.4,12.0,7.9,22.7,30209.84
Mikania micrantha,-0.9599,100.4521,2004-12-18,2004-12-18,26.5,22.5,24.2,23.2,23.2,24.0,5.4,28.1,913.35
Mikania micrantha,-0.9599,100.4521,2013-04-06,2013-04-06,25.4,23.1,23.8,70.3,70.3,24.0,12.5,50.4,14795.74
Mikania micrantha,0.02,100.08,1995-11-04,1995-11-04,27.6,22.3,23.8,15.3,15.3,22.0,5.1,34.2,18000.0
Mikania micrantha,0.02,100.08,1995-11-05,1995-11-05,26.3,21.5,23.3,9.3,9.3,21.0,4.3,37.8,13514.19
Mikania micrantha,0.02,100.08,1995-11-04,1995-11-04,27.6,22.3,23.8,15.3,15.3,22.0,5.1,34.2,18000.0
Mikania micrantha,0.02,100.08,1995-11-05,1995-11-05,26.3,21.5,23.3,9.3,9.3,21.0,4.3,37.8,13514.19
Mikania micrantha,0.02,100.08,1995-11-04,1995-11-04,27.6,22.3,23.8,15.3,15.3,22.0,5.1,34.2,18000.0
Mikania micrantha,0.02,100.08,1995-11-04,1995-11-04,27.6,22.3,23.8,15.3,15.3,22.0,5.1,34.2,18000.0
Mikania micrantha,0.02,100.08,1995-11-04,1995-11-04,27.6,22.3,23.8,15.3,15.3,22.0,5.1,34.2,18000.0
Mikania micrantha,0.15,100.167,1984-11-03,1984-11-03,28.0,21.1,23.6,14.8,14.8,20.0,4.1,27.4,19741.62
Mikania micrantha,0.3667,100.05,1988-03-05,1988-03-05,27.8,21.4,24.3,2.6,2.6,11.0,5.5,24.8,15117.99
Mikania micrantha,0.02,100.08,1995-11-04,1995-11-04,27.6,22.3,23.8,15.3,15.3,22.0,5.1,34.2,18000.0
Mikania micrantha,0.011031,100.156193,1989-03-05,1989-03-05,28.7,20.5,24.1,1.6,1.6,5.0,8.8,33.5,39157.32
Mikania micrantha,-0.55,100.33,1995-11-26,1995-11-26,27.7,22.6,24.6,3.2,3.2,10.0,10.2,36.7,40196.73
Mikania micrantha,-0.55,100.33,1995-11-25,1995-11-25,28.3,21.9,25.0,0.6,0.6,5.0,9.7,34.6,41179.17
Mikania micrantha,-0.55,100.33,1991-11-01,1991-11-01,28.4,21.4,24.5,18.6,18.6,11.0,8.9,31.3,36841.81
Mikania micrantha,-0.55,100.33,2004-06-12,2004-06-12,31.0,21.3,26.6,0.0,0.0,0.0,7.3,27.0,39758.51
Mikania micrantha,-0.55,100.33,1986-11-09,1986-11-09,28.8,23.0,25.6,0.4,0.4,2.0,9.3,30.2,40000.44
Mikania micrantha,-0.55,100.33,1991-11-01,1991-11-01,28.4,21.4,24.5,18.6,18.6,11.0,8.9,31.3,36841.81
Mikania micrantha,-0.55,100.33,1991-11-01,1991-11-01,28.4,21.4,24.5,18.6,18.6,11.0,8.9,31.3,36841.81
Mikania micrantha,-0.55,100.33,2006-05-13,2006-05-13,28.1,23.6,25.5,4.9,4.9,9.0,6.8,25.9,19288.23
Mikania micrantha,-0.55,100.33,1991-11-01,1991-11-01,28.4,21.4,24.5,18.6,18.6,11.0,8.9,31.3,36841.81
Mikania micrantha,-0.55,100.33,1997-04-05,1997-04-05,29.5,21.5,25.0,12.0,12.0,10.0,5.5,27.7,36258.8
Mikania micrantha,-0.55,100.33,1997-04-06,1997-04-06,30.1,22.8,25.4,18.6,18.6,11.0,5.4,31.7,34699.11
Mikania micrantha,-0.55,100.33,1992-12-20,1992-12-20,25.6,22.9,24.0,35.1,35.1,19.0,4.5,20.2,2087.78
Mikania micrantha,-0.55,100.33,1997-04-05,1997-04-05,29.5,21.5,25.0,12.0,12.0,10.0,5.5,27.7,36258.8
Mikania micrantha,-0.55,100.33,1997-04-05,1997-04-05,29.5,21.5,25.0,12.0,12.0,10.0,5.5,27.7,36258.8
Mikania micrantha,-0.55,100.33,1991-11-01,1991-11-01,28.4,21.4,24.5,18.6,18.6,11.0,8.9,31.3,36841.81
Mikania micrantha,-0.55,100.33,1998-11-07,1998-11-07,28.6,22.3,25.5,4.3,4.3,5.0,8.2,39.2,36734.96
Mikania micrantha,-0.55,100.33,1992-12-18,1992-12-18,28.6,22.0,25.3,12.8,12.8,4.0,7.3,31.7,33631.2
Mikania micrantha,-0.55,100.33,1991-11-01,1991-11-01,28.4,21.4,24.5,18.6,18.6,11.0,8.9,31.3,36841.81
Mikania micrantha,-0.55,100.33,1998-11-07,1998-11-07,28.6,22.3,25.5,4.3,4.3,5.0,8.2,39.2,36734.96
Mikania micrantha,-0.55,100.33,1998-11-07,1998-11-07,28.6,22.3,25.5,4.3,4.3,5.0,8.2,39.2,36734.96
Mikania micrantha,-0.1282,100.6967,1999-10-30,1999-10-30,26.5,19.7,22.4,19.5,19.5,20.0,7.0,26.3,28504.99
Mikania micrantha,-0.2663,100.2098,2009-04-25,2009-04-25,29.0,21.8,25.1,0.0,0.0,0.0,9.6,29.9,40245.51
Mikania micrantha,-0.2663,100.2098,2009-04-25,2009-04-25,29.0,21.8,25.1,0.0,0.0,0.0,9.6,29.9,40245.51
Mikania micrantha,-0.2663,100.2098,2009-04-25,2009-04-25,29.0,21.8,25.1,0.0,0.0,0.0,9.6,29.9,40245.51
Mikania micrantha,-0.2663,100.2098,2012-12-29,2012-12-29,24.4,22.5,23.2,88.6,88.6,23.0,7.0,35.6,7836.5
Mikania micrantha,-0.1282,100.6967,2002-04-27,2002-04-27,26.2,21.0,23.2,9.1,9.1,14.0,6.5,24.1,31719.6
Mikania micrantha,-0.55,100.33,1995-11-26,1995-11-26,27.7,22.6,24.6,3.2,3.2,10.0,10.2,36.7,40196.73
Mikania micrantha,-0.1282,100.6967,1999-04-17,1999-04-17,29.2,20.0,24.3,0.4,0.4,2.0,7.4,30.2,37444.52
Mikania micrantha,-0.2663,100.2098,2009-04-25,2009-04-25,29.0,21.8,25.1,0.0,0.0,0.0,9.6,29.9,40245.51
Mikania micrantha,-0.1282,100.6967,2002-04-27,2002-04-27,26.2,21.0,23.2,9.1,9.1,14.0,6.5,24.1,31719.6
Mikania micrantha,-0.7,100.6,1997-10-26,1997-10-26,28.2,21.7,24.3,14.7,14.7,14.0,2.9,28.1,31582.92
Mikania micrantha,-0.467,100.379,2007-05-12,2007-05-12,27.4,19.9,23.6,3.2,3.2,10.0,6.1,29.2,36103.3
Mikania micrantha,-0.467,100.379,2004-03-27,2004-03-27,27.9,19.9,23.1,12.2,12.2,6.0,4.3,24.5,29020.51
Mikania micrantha,-0.55,100.33,1995-11-25,1995-11-25,28.3,21.9,25.0,0.6,0.6,5.0,9.7,34.6,41179.17
Mikania micrantha,-0.467,100.379,2007-05-12,2007-05-12,27.4,19.9,23.6,3.2,3.2,10.0,6.1,29.2,36103.3
Mikania micrantha,-0.55,100.33,1995-11-25,1995-11-25,28.3,21.9,25.0,0.6,0.6,5.0,9.7,34.6,41179.17
Mikania micrantha,-0.467,100.379,2006-06-02,2006-06-02,27.2,20.8,23.2,1.5,1.5,3.0,5.8,28.4,39626.51
Mikania micrantha,-0.7,100.6,2008-05-31,2008-05-31,28.6,21.8,24.2,12.2,12.2,17.0,4.0,20.9,31155.95
Mikania micrantha,-0.7,100.6,2005-12-16,2005-12-16,29.2,21.2,24.4,0.1,0.1,1.0,10.6,35.3,40165.46
Mikania micrantha,-0.41,100.73,1990-05-06,1990-05-06,27.6,20.6,23.0,3.2,3.2,7.0,5.5,27.0,25640.93
Mikania micrantha,-0.6876,100.9536,2000-04-21,2000-04-21,28.9,22.2,25.4,7.6,7.6,20.0,4.7,18.7,34357.43
Mikania micrantha,-0.6876,100.9536,2000-04-21,2000-04-21,28.9,22.2,25.4,7.6,7.6,20.0,4.7,18.7,34357.43
Mikania micrantha,-0.6078,100.7702,2008-03-26,2008-03-26,29.5,20.1,23.9,0.0,0.0,0.0,8.8,27.7,39398.52
Mikania micrantha,-0.6876,100.9536,2000-04-21,2000-04-21,28.9,22.2,25.4,7.6,7.6,20.0,4.7,18.7,34357.43
Mikania micrantha,0.3667,100.05,1988-03-05,1988-03-05,27.8,21.4,24.3,2.6,2.6,11.0,5.5,24.8,15117.99
Mikania micrantha,0.3667,100.05,1988-03-05,1988-03-05,27.8,21.4,24.3,2.6,2.6,11.0,5.5,24.8,15117.99
Mikania micrantha,0.3667,100.05,1988-03-05,1988-03-05,27.8,21.4,24.3,2.6,2.6,11.0,5.5,24.8,15117.99
Mikania micrantha,-0.1282,100.6967,2002-04-27,2002-04-27,26.2,21.0,23.2,9.1,9.1,14.0,6.5,24.1,31719.6
Mikania micrantha,-0.1282,100.6967,2002-04-27,2002-04-27,26.2,21.0,23.2,9.1,9.1,14.0,6.5,24.1,31719.6
Mikania micrantha,-0.79,100.66,1979-02-13,1979-02-13,26.6,21.5,23.7,3.4,3.4,10.0,4.8,23.4,34476.56
Mikania micrantha,-0.1282,100.6967,2001-06-02,2001-06-02,28.0,20.2,23.1,8.0,8.0,6.0,5.5,23.8,33578.39
Mikania micrantha,-0.1282,100.6967,2001-06-02,2001-06-02,28.0,20.2,23.1,8.0,8.0,6.0,5.5,23.8,33578.39
Mikania micrantha,-0.1282,100.6967,2007-11-30,2007-11-30,25.0,19.5,21.8,8.3,8.3,12.0,7.6,26.3,32805.21
Mikania micrantha,-0.1282,100.6967,2002-04-27,2002-04-27,26.2,21.0,23.2,9.1,9.1,14.0,6.5,24.1,31719.6
Mikania micrantha,-0.1282,100.6967,2001-06-02,2001-06-02,28.0,20.2,23.1,8.0,8.0,6.0,5.5,23.8,33578.39
Mikania micrantha,-0.1282,100.6967,2001-06-02,2001-06-02,28.0,20.2,23.1,8.0,8.0,6.0,5.5,23.8,33578.39
Mikania micrantha,-0.1282,100.6967,2002-06-12,2002-06-12,23.9,20.6,21.9,19.4,19.4,14.0,6.2,20.5,1317.25
Mikania micrantha,-0.1282,100.6967,1999-10-30,1999-10-30,26.5,19.7,22.4,19.5,19.5,20.0,7.0,26.3,28504.99
Mikania micrantha,-0.1282,100.6967,2001-06-02,2001-06-02,28.0,20.2,23.1,8.0,8.0,6.0,5.5,23.8,33578.39
Mikania micrantha,-0.1282,100.6967,2001-06-02,2001-06-02,28.0,20.2,23.1,8.0,8.0,6.0,5.5,23.8,33578.39
Mikania micrantha,-6.937099,107.781387,2020-05-15T10:57,2020-05-15,27.5,19.2,22.7,0.3,0.3,3.0,13.0,31.3,37368.04
Mikania micrantha,13.961809,121.652425,2020-05-07T23:28:35Z,2020-05-07,32.8,25.5,29.1,0.8,0.8,7.0,12.4,24.5,42563.84
Mikania micrantha,-7.735945,110.319502,2020-05-03T13:27,2020-05-03,30.8,22.4,26.8,0.9,0.9,4.0,11.7,26.3,39479.99
Mikania micrantha,1.494286,103.776593,2020-05-03T10:54:07,2020-05-03,29.1,24.0,26.4,10.8,10.8,17.0,8.2,23.4,12977.57
Mikania micrantha,1.479444,110.085833,2004-11-25,2004-11-25,28.2,22.8,24.9,5.4,5.4,8.0,9.2,21.6,37558.48
Mikania micrantha,1.494719,103.776611,2020-04-26T14:24:37,2020-04-26,29.5,24.2,26.0,30.6,30.6,15.0,8.1,19.1,14409.21
Mikania micrantha,7.014951,125.497875,2020-03-19T13:07,2020-03-19,31.6,24.1,27.1,0.1,0.1,1.0,10.5,28.1,41152.79
Mikania micrantha,-6.55576,106.731716,2020-02-29T16:54,2020-02-29,28.4,23.6,25.4,28.2,28.2,17.0,9.7,28.4,28143.17
Mikania micrantha,-7.711149,110.362849,2019-11-21T15:14,2019-11-21,29.6,22.6,25.5,3.4,3.4,18.0,11.1,25.9,33066.11
Mikania micrantha,13.108202,102.174361,2018-11-06T16:19:43,2018-11-06,28.8,21.1,25.4,0.0,0.0,0.0,14.9,43.6,38582.57
Mikania micrantha,-6.96881,109.658386,2019-06-01T14:38:09,2019-06-01,31.0,23.5,27.1,0.4,0.4,3.0,12.8,30.6,39081.71
Mikania micrantha,-7.735005,110.301498,2019-05-30T16:03:37,2019-05-30,32.2,22.5,26.8,0.0,0.0,0.0,17.7,37.4,39188.71
Mikania micrantha,-7.62892,110.40728,2019-05-12T07:52:02,2019-05-12,26.4,20.8,22.7,4.4,4.4,13.0,10.0,24.8,39456.32
Mikania micrantha,1.492659,103.741359,2019-11-26T12:02,2019-11-26,29.5,23.5,25.9,7.2,7.2,12.0,12.7,28.4,39654.96
Mikania micrantha,-7.765919,110.37715,2019-09-20T17:18,2019-09-20,33.5,19.9,25.8,0.0,0.0,0.0,26.6,57.2,39251.25
Mikania micrantha,-7.737653,110.318558,2019-03-03T17:02:57,2019-03-03,27.5,23.1,25.0,16.3,16.3,20.0,5.5,11.9,450.12
Mikania micrantha,6.26667,101.25,1961-11-23,1961-11-23,29.1,22.3,24.8,2.0,2.0,8.0,10.2,29.9,37518.03
Mikania micrantha,3.9,114.0,1955-03-21,1955-03-21,30.6,22.6,25.6,8.6,8.6,12.0,9.8,25.6,39600.0
Mikania micrantha,6.13333,101.91667,1988-02-11,1988-02-11,28.9,22.6,25.2,0.1,0.1,1.0,14.6,27.4,39600.0
Mikania micrantha,6.61667,101.65,1961-11-17,1961-11-17,28.0,24.6,26.2,2.9,2.9,16.0,15.9,29.9,38904.33
Mikania micrantha,6.28333,101.71667,1962-12-18,1962-12-18,26.0,22.4,23.9,19.7,19.7,22.0,18.1,45.4,26525.07
Mikania micrantha,6.75,100.71667,1959-11-11,1959-11-11,29.0,22.3,24.7,6.1,6.1,10.0,6.8,19.1,38010.66
Mikania micrantha,6.94639,100.22928,1979-12-19,1979-12-19,27.9,19.7,23.5,0.0,0.0,0.0,13.5,33.8,38862.16
Mikania micrantha,14.1789,121.2256,1954-02-20,1954-02-20,28.6,23.1,25.3,0.7,0.7,7.0,18.6,40.0,38485.98
Mikania micrantha,6.08889,101.96944,1993-12-20,1993-12-20,26.2,22.8,23.9,17.6,17.6,22.0,12.5,26.3,1416.38
Mikania micrantha,1.47944,110.08583,2004-11-25,2004-11-25,28.2,22.8,24.9,5.4,5.4,8.0,9.2,21.6,37558.48
Mikania micrantha,14.1789,121.2256,1955-12-17,1955-12-17,24.9,21.8,23.0,0.0,0.0,0.0,25.8,53.6,37342.58
Mikania micrantha,-7.347987,108.225403,2019-10-19T10:04:21,2019-10-19,31.2,22.0,25.4,1.7,1.7,11.0,11.9,29.9,25874.05
Mikania micrantha,-6.437405,106.716406,2017-07-24T16:34,2017-07-24,30.9,23.8,26.3,4.1,4.1,9.0,10.2,23.4,37350.12
Mikania micrantha,5.515094,118.299652,2019-10-09T15:07:48,2019-10-09,30.5,23.5,26.0,12.2,12.2,8.0,8.2,25.9,39135.86
Mikania micrantha,-6.355963,106.845042,2019-09-28T14:46,2019-09-28,35.4,24.5,28.7,1.9,1.9,7.0,14.9,36.7,39600.0
Mikania micrantha,-8.323907,115.254919,2019-08-29T12:00,2019-08-29,23.2,15.9,19.2,1.0,1.0,8.0,11.9,33.8,39797.83
Mikania micrantha,-8.592486,115.297737,2019-09-01T12:59,2019-09-01,27.5,21.4,24.3,0.0,0.0,0.0,14.3,34.6,39597.4
Mikania micrantha,3.1356,101.657903,2019-04-29T23:27,2019-04-29,32.1,24.8,28.2,11.0,11.0,9.0,8.2,25.6,32626.4
Mikania micrantha,3.1356,101.657903,2019-04-29T23:21,2019-04-29,32.1,24.8,28.2,11.0,11.0,9.0,8.2,25.6,32626.4
Mikania micrantha,3.1356,101.657903,2019-04-29T23:34,2019-04-29,32.1,24.8,28.2,11.0,11.0,9.0,8.2,25.6,32626.4
Mikania micrantha,3.141106,101.696962,2019-04-28T18:07,2019-04-28,31.2,25.8,28.4,2.4,2.4,2.0,10.1,17.3,23266.22
Mikania micrantha,3.037664,101.58044,2019-04-27T12:43:38,2019-04-27,30.8,24.4,27.1,2.0,2.0,11.0,16.8,33.8,30951.63
Mikania micrantha,3.2913,98.3275,2015-03/2015-05,2015-03-01,27.3,16.4,21.6,5.1,5.1,4.0,6.4,27.7,40039.76
Mikania micrantha,3.2913,98.3275,2015-03/2015-05,2015-03-01,27.3,16.4,21.6,5.1,5.1,4.0,6.4,27.7,40039.76
Mikania micrantha,3.2913,98.3275,2015-03/2015-05,2015-03-01,27.3,16.4,21.6,5.1,5.1,4.0,6.4,27.7,40039.76
Mikania micrantha,7.381963,125.277898,2018-11-27T11:19:46,2018-11-27,25.6,18.9,21.7,2.8,2.8,7.0,12.3,39.2,39414.57
Mikania micrantha,3.036791,101.725225,2018-04-30T23:05:11,2018-04-30,31.8,24.4,27.5,3.6,3.6,6.0,12.3,29.9,35244.56
Mikania micrantha,7.092431,125.504199,2018-11-22T07:28:16,2018-11-22,28.6,24.3,26.1,11.9,11.9,23.0,8.9,19.4,39342.84
Mikania micrantha,-0.89705,100.371146,2017-03-31T08:15,2017-03-31,29.3,24.3,26.6,2.2,2.2,6.0,6.1,21.6,31746.47
Mikania micrantha,3.714221,101.749871,2018-09-03T22:39:28,2018-09-03,21.9,16.4,18.7,4.5,4.5,8.0,9.2,32.0,30926.95
Mikania micrantha,2.290731,111.835979,2018-01-07T09:08:29,2018-01-07,28.5,23.5,25.2,6.6,6.6,11.0,6.2,18.0,13131.0
Mikania micrantha,1.4794,110.086,2004-11-25,2004-11-25,28.2,22.8,25.0,5.4,5.4,8.0,9.2,21.6,37558.48
Mikania micrantha,3.0,102.333333,1989-07-01,1989-07-01,26.8,20.4,23.3,2.5,2.5,8.0,8.0,20.5,32798.53
Mikania micrantha,1.2,110.3,2004-11-29,2004-11-29,26.5,21.2,23.1,10.3,10.3,14.0,7.8,27.7,20290.2
Mikania micrantha,1.479445,110.085833,2004-11-25,2004-11-25,28.2,22.8,24.9,5.4,5.4,8.0,9.2,21.6,37558.48
Mikania micrantha,1.47944,110.086,2004-11-25,2004-11-25,28.2,22.8,25.0,5.4,5.4,8.0,9.2,21.6,37558.48
